total_counts,n_cells
10,361
11,364
12,382
13,391
14,362
15,404
16,408
17,391
18,391
19,409
20,431
21,405
22,429
23,431
24,381
25,408
26,419
27,437
28,458
29,458
30,462
31,463
32,471
33,432
34,466
35,500
36,464
37,489
38,488
39,468
40,494
41,480
42,505
43,466
44,491
45,504
46,511
47,492
48,506
49,502
50,508
51,509
52,529
53,550
54,539
55,554
56,510
57,476
58,561
59,554
60,561
61,553
62,564
63,559
64,605
65,544
66,605
67,536
68,600
69,615
70,573
71,595
72,560
73,589
74,589
75,595
76,591
77,597
78,581
79,602
80,628
81,603
82,584
83,607
84,660
85,620
86,593
87,594
88,603
89,616
90,609
91,659
92,622
93,664
94,660
95,631
96,648
97,625
98,657
99,635
100,656
101,647
102,656
103,655
104,680
105,628
106,634
107,626
108,624
109,660
110,654
111,663
112,637
113,695
114,700
115,658
116,697
117,693
118,637
119,662
120,692
121,647
122,676
123,652
124,640
125,674
126,666
127,689
128,684
129,681
130,642
131,690
132,647
133,639
134,633
135,686
136,661
137,616
138,661
139,692
140,705
141,691
142,654
143,675
144,672
145,715
146,636
147,642
148,636
149,676
150,679
151,650
152,649
153,650
154,671
155,665
156,665
157,667
158,684
159,656
160,713
161,690
162,687
163,606
164,679
165,659
166,630
167,612
168,669
169,630
170,667
171,631
172,630
173,626
174,690
175,615
176,625
177,654
178,673
179,645
180,642
181,613
182,633
183,628
184,582
185,681
186,598
187,591
188,619
189,631
190,641
191,631
192,591
193,616
194,663
195,636
196,641
197,599
198,596
199,568
200,629
201,583
202,621
203,556
204,588
205,607
206,586
207,608
208,564
209,586
210,582
211,562
212,545
213,566
214,589
215,565
216,551
217,570
218,555
219,563
220,617
221,574
222,587
223,551
224,547
225,553
226,571
227,589
228,590
229,530
230,537
231,575
232,549
233,531
234,568
235,506
236,567
237,558
238,547
239,537
240,511
241,523
242,553
243,513
244,519
245,497
246,559
247,520
248,457
249,513
250,527
251,522
252,529
253,485
254,536
255,525
256,509
257,496
258,500
259,484
260,496
261,478
262,474
263,487
264,480
265,460
266,469
267,478
268,483
269,474
270,490
271,489
272,479
273,461
274,475
275,494
276,455
277,443
278,435
279,464
280,527
281,420
282,422
283,432
284,459
285,481
286,429
287,437
288,441
289,447
290,414
291,433
292,423
293,441
294,401
295,435
296,445
297,404
298,399
299,461
300,432
301,410
302,428
303,380
304,410
305,405
306,403
307,369
308,392
309,411
310,412
311,388
312,378
313,393
314,367
315,361
316,428
317,391
318,370
319,397
320,361
321,389
322,370
323,371
324,350
325,330
326,366
327,354
328,363
329,335
330,368
331,344
332,356
333,327
334,331
335,327
336,336
337,336
338,355
339,359
340,373
341,338
342,351
343,360
344,308
345,320
346,342
347,323
348,307
349,317
350,341
351,314
352,346
353,323
354,307
355,313
356,343
357,323
358,306
359,306
360,347
361,281
362,300
363,293
364,305
365,298
366,298
367,281
368,301
369,255
370,293
371,292
372,251
373,269
374,269
375,281
376,285
377,243
378,279
379,262
380,252
381,269
382,263
383,267
384,270
385,274
386,263
387,263
388,217
389,231
390,265
391,266
392,254
393,236
394,237
395,252
396,250
397,255
398,240
399,236
400,274
401,272
402,237
403,244
404,231
405,242
406,201
407,230
408,231
409,251
410,225
411,250
412,243
413,207
414,188
415,219
416,221
417,218
418,198
419,241
420,192
421,208
422,215
423,226
424,220
425,191
426,230
427,209
428,221
429,202
430,200
431,201
432,191
433,198
434,179
435,184
436,204
437,182
438,231
439,188
440,189
441,205
442,182
443,154
444,194
445,178
446,175
447,180
448,199
449,188
450,169
451,156
452,184
453,177
454,165
455,178
456,186
457,153
458,210
459,177
460,166
461,171
462,161
463,165
464,150
465,158
466,158
467,170
468,158
469,165
470,171
471,172
472,185
473,162
474,164
475,135
476,146
477,152
478,166
479,173
480,149
481,151
482,158
483,174
484,152
485,148
486,184
487,140
488,132
489,148
490,146
491,139
492,154
493,132
494,142
495,144
496,150
497,159
498,140
499,139
500,126
501,150
502,137
503,140
504,131
505,130
506,141
507,105
508,120
509,143
510,116
511,120
512,144
513,131
514,107
515,118
516,124
517,92
518,115
519,112
520,131
521,125
522,133
523,126
524,142
525,131
526,109
527,114
528,119
529,124
530,117
531,115
532,117
533,127
534,123
535,103
536,100
537,126
538,110
539,107
540,117
541,105
542,137
543,126
544,98
545,99
546,94
547,110
548,109
549,93
550,115
551,101
552,117
553,94
554,107
555,94
556,112
557,101
558,97
559,91
560,101
561,114
562,114
563,103
564,113
565,108
566,102
567,94
568,98
569,111
570,95
571,85
572,88
573,80
574,90
575,104
576,105
577,84
578,102
579,111
580,108
581,102
582,100
583,94
584,102
585,100
586,96
587,94
588,79
589,90
590,88
591,93
592,87
593,90
594,83
595,85
596,97
597,96
598,94
599,88
600,80
601,89
602,95
603,96
604,82
605,79
606,70
607,84
608,83
609,97
610,91
611,90
612,84
613,80
614,65
615,86
616,72
617,79
618,78
619,94
620,76
621,82
622,75
623,88
624,70
625,77
626,92
627,80
628,64
629,79
630,63
631,73
632,84
633,86
634,65
635,65
636,73
637,97
638,60
639,63
640,87
641,85
642,82
643,80
644,66
645,89
646,84
647,63
648,67
649,76
650,55
651,81
652,81
653,59
654,62
655,52
656,66
657,80
658,66
659,75
660,64
661,86
662,70
663,61
664,68
665,59
666,75
667,69
668,73
669,70
670,61
671,76
672,62
673,60
674,65
675,56
676,60
677,65
678,63
679,57
680,58
681,67
682,61
683,57
684,62
685,75
686,54
687,66
688,70
689,70
690,48
691,63
692,65
693,55
694,70
695,73
696,71
697,69
698,64
699,51
700,63
701,47
702,63
703,54
704,64
705,49
706,63
707,56
708,52
709,68
710,58
711,63
712,42
713,58
714,70
715,67
716,50
717,55
718,50
719,60
720,49
721,51
722,50
723,51
724,58
725,61
726,56
727,41
728,69
729,60
730,40
731,65
732,64
733,75
734,55
735,46
736,47
737,42
738,74
739,51
740,44
741,44
742,48
743,48
744,58
745,43
746,50
747,44
748,41
749,48
750,54
751,55
752,52
753,52
754,60
755,53
756,44
757,53
758,44
759,52
760,42
761,53
762,43
763,50
764,46
765,46
766,40
767,52
768,44
769,50
770,57
771,45
772,39
773,43
774,44
775,41
776,50
777,53
778,47
779,55
780,57
781,50
782,53
783,51
784,38
785,40
786,55
787,51
788,51
789,48
790,44
791,56
792,42
793,40
794,43
795,39
796,44
797,42
798,42
799,42
800,41
801,47
802,44
803,37
804,44
805,58
806,41
807,39
808,46
809,39
810,48
811,54
812,41
813,36
814,43
815,53
816,38
817,47
818,44
819,43
820,53
821,36
822,38
823,45
824,51
825,48
826,37
827,46
828,44
829,32
830,40
831,43
832,47
833,36
834,44
835,47
836,36
837,47
838,35
839,37
840,30
841,34
842,53
843,42
844,46
845,39
846,46
847,28
848,37
849,37
850,42
851,34
852,55
853,39
854,46
855,47
856,36
857,35
858,34
859,50
860,45
861,37
862,40
863,35
864,41
865,36
866,30
867,41
868,38
869,42
870,47
871,32
872,38
873,38
874,30
875,40
876,41
877,40
878,34
879,36
880,47
881,45
882,34
883,46
884,46
885,40
886,38
887,50
888,37
889,29
890,36
891,36
892,37
893,52
894,32
895,44
896,36
897,47
898,32
899,41
900,29
901,44
902,34
903,43
904,38
905,42
906,39
907,38
908,30
909,43
910,46
911,32
912,28
913,38
914,39
915,32
916,49
917,36
918,37
919,35
920,36
921,33
922,36
923,41
924,40
925,40
926,36
927,31
928,36
929,36
930,46
931,30
932,34
933,36
934,22
935,40
936,33
937,32
938,40
939,29
940,39
941,32
942,37
943,35
944,40
945,43
946,35
947,41
948,38
949,23
950,45
951,34
952,29
953,28
954,42
955,24
956,32
957,33
958,24
959,32
960,31
961,39
962,40
963,30
964,41
965,32
966,30
967,36
968,27
969,34
970,38
971,24
972,27
973,32
974,41
975,28
976,29
977,31
978,30
979,41
980,23
981,35
982,40
983,32
984,45
985,37
986,36
987,27
988,32
989,46
990,27
991,30
992,35
993,29
994,30
995,13
996,32
997,37
998,37
999,35
1000,22
1001,32
1002,33
1003,20
1004,22
1005,41
1006,34
1007,29
1008,34
1009,28
1010,34
1011,41
1012,29
1013,31
1014,31
1015,20
1016,31
1017,35
1018,41
1019,22
1020,21
1021,41
1022,24
1023,21
1024,25
1025,32
1026,28
1027,36
1028,30
1029,28
1030,36
1031,31
1032,17
1033,28
1034,32
1035,29
1036,24
1037,31
1038,26
1039,31
1040,43
1041,27
1042,22
1043,29
1044,32
1045,31
1046,36
1047,26
1048,22
1049,44
1050,33
1051,26
1052,25
1053,27
1054,37
1055,30
1056,32
1057,29
1058,34
1059,28
1060,27
1061,30
1062,21
1063,29
1064,30
1065,30
1066,25
1067,36
1068,25
1069,34
1070,32
1071,29
1072,28
1073,28
1074,28
1075,23
1076,23
1077,31
1078,23
1079,29
1080,22
1081,31
1082,22
1083,30
1084,33
1085,23
1086,34
1087,29
1088,30
1089,25
1090,22
1091,41
1092,33
1093,30
1094,39
1095,32
1096,25
1097,24
1098,23
1099,24
1100,29
1101,28
1102,35
1103,31
1104,27
1105,26
1106,32
1107,24
1108,31
1109,28
1110,32
1111,36
1112,26
1113,21
1114,27
1115,30
1116,17
1117,27
1118,23
1119,37
1120,27
1121,23
1122,30
1123,19
1124,28
1125,24
1126,38
1127,28
1128,26
1129,38
1130,28
1131,20
1132,28
1133,27
1134,24
1135,21
1136,24
1137,22
1138,33
1139,27
1140,22
1141,22
1142,25
1143,26
1144,22
1145,33
1146,22
1147,19
1148,25
1149,29
1150,20
1151,26
1152,27
1153,23
1154,24
1155,29
1156,23
1157,25
1158,24
1159,25
1160,24
1161,27
1162,27
1163,22
1164,31
1165,21
1166,27
1167,26
1168,18
1169,29
1170,26
1171,23
1172,30
1173,28
1174,20
1175,18
1176,30
1177,21
1178,18
1179,31
1180,40
1181,24
1182,23
1183,30
1184,30
1185,30
1186,32
1187,30
1188,31
1189,24
1190,23
1191,28
1192,25
1193,26
1194,12
1195,32
1196,19
1197,26
1198,25
1199,22
1200,21
1201,19
1202,38
1203,24
1204,22
1205,23
1206,31
1207,24
1208,22
1209,33
1210,26
1211,22
1212,18
1213,10
1214,25
1215,27
1216,24
1217,29
1218,32
1219,25
1220,34
1221,26
1222,27
1223,28
1224,29
1225,26
1226,27
1227,16
1228,25
1229,21
1230,18
1231,29
1232,27
1233,30
1234,23
1235,28
1236,19
1237,28
1238,30
1239,30
1240,23
1241,28
1242,25
1243,19
1244,30
1245,26
1246,17
1247,26
1248,26
1249,30
1250,25
1251,22
1252,26
1253,21
1254,35
1255,33
1256,26
1257,18
1258,17
1259,22
1260,31
1261,28
1262,20
1263,23
1264,29
1265,24
1266,27
1267,28
1268,24
1269,17
1270,23
1271,28
1272,30
1273,34
1274,23
1275,24
1276,21
1277,27
1278,23
1279,43
1280,24
1281,22
1282,29
1283,30
1284,17
1285,21
1286,20
1287,23
1288,27
1289,17
1290,26
1291,23
1292,23
1293,22
1294,22
1295,22
1296,19
1297,27
1298,32
1299,25
1300,20
1301,23
1302,27
1303,29
1304,25
1305,16
1306,24
1307,21
1308,27
1309,31
1310,23
1311,21
1312,27
1313,23
1314,23
1315,31
1316,25
1317,24
1318,32
1319,28
1320,25
1321,16
1322,29
1323,24
1324,24
1325,25
1326,20
1327,28
1328,21
1329,19
1330,19
1331,30
1332,14
1333,20
1334,22
1335,28
1336,26
1337,32
1338,34
1339,26
1340,25
1341,25
1342,18
1343,21
1344,28
1345,18
1346,20
1347,26
1348,27
1349,24
1350,20
1351,26
1352,21
1353,24
1354,26
1355,24
1356,14
1357,32
1358,18
1359,19
1360,20
1361,15
1362,23
1363,33
1364,17
1365,24
1366,27
1367,25
1368,22
1369,22
1370,17
1371,19
1372,31
1373,22
1374,22
1375,22
1376,16
1377,21
1378,25
1379,22
1380,22
1381,27
1382,20
1383,16
1384,24
1385,23
1386,21
1387,20
1388,24
1389,26
1390,17
1391,19
1392,27
1393,21
1394,28
1395,33
1396,27
1397,20
1398,19
1399,18
1400,18
1401,15
1402,11
1403,25
1404,21
1405,19
1406,18
1407,21
1408,27
1409,28
1410,22
1411,18
1412,10
1413,14
1414,24
1415,31
1416,17
1417,22
1418,23
1419,23
1420,25
1421,21
1422,19
1423,18
1424,24
1425,24
1426,20
1427,27
1428,15
1429,21
1430,19
1431,16
1432,29
1433,16
1434,18
1435,14
1436,19
1437,23
1438,18
1439,32
1440,22
1441,17
1442,21
1443,16
1444,16
1445,13
1446,21
1447,21
1448,17
1449,15
1450,16
1451,16
1452,13
1453,17
1454,20
1455,25
1456,19
1457,17
1458,20
1459,23
1460,23
1461,30
1462,22
1463,19
1464,20
1465,24
1466,22
1467,16
1468,20
1469,19
1470,22
1471,24
1472,18
1473,19
1474,16
1475,25
1476,20
1477,23
1478,20
1479,11
1480,24
1481,21
1482,18
1483,30
1484,15
1485,20
1486,16
1487,21
1488,15
1489,15
1490,21
1491,23
1492,25
1493,24
1494,23
1495,15
1496,20
1497,21
1498,19
1499,15
1500,18
1501,20
1502,13
1503,18
1504,16
1505,22
1506,15
1507,20
1508,23
1509,27
1510,15
1511,19
1512,13
1513,20
1514,21
1515,15
1516,24
1517,14
1518,14
1519,16
1520,18
1521,19
1522,12
1523,14
1524,23
1525,20
1526,23
1527,18
1528,23
1529,21
1530,17
1531,20
1532,26
1533,14
1534,17
1535,23
1536,13
1537,21
1538,11
1539,15
1540,22
1541,22
1542,20
1543,20
1544,19
1545,24
1546,14
1547,25
1548,26
1549,18
1550,29
1551,21
1552,14
1553,16
1554,21
1555,24
1556,25
1557,16
1558,30
1559,24
1560,22
1561,23
1562,20
1563,18
1564,13
1565,19
1566,16
1567,20
1568,16
1569,20
1570,20
1571,21
1572,22
1573,21
1574,22
1575,16
1576,18
1577,21
1578,27
1579,20
1580,25
1581,13
1582,18
1583,18
1584,23
1585,14
1586,21
1587,15
1588,11
1589,20
1590,16
1591,21
1592,28
1593,21
1594,18
1595,14
1596,22
1597,18
1598,20
1599,17
1600,18
1601,14
1602,12
1603,19
1604,20
1605,17
1606,22
1607,16
1608,10
1609,26
1610,15
1611,13
1612,15
1613,17
1614,22
1615,20
1616,14
1617,13
1618,17
1619,20
1620,21
1621,14
1622,19
1623,20
1624,15
1625,23
1626,11
1627,18
1628,9
1629,17
1630,16
1631,17
1632,14
1633,18
1634,19
1635,22
1636,23
1637,15
1638,16
1639,16
1640,16
1641,18
1642,12
1643,24
1644,17
1645,13
1646,20
1647,19
1648,19
1649,25
1650,10
1651,26
1652,20
1653,17
1654,26
1655,11
1656,20
1657,18
1658,12
1659,14
1660,17
1661,12
1662,13
1663,13
1664,18
1665,15
1666,16
1667,13
1668,13
1669,18
1670,13
1671,11
1672,21
1673,13
1674,14
1675,20
1676,31
1677,17
1678,19
1679,13
1680,18
1681,15
1682,12
1683,14
1684,13
1685,11
1686,15
1687,20
1688,13
1689,13
1690,19
1691,14
1692,15
1693,14
1694,21
1695,15
1696,19
1697,18
1698,16
1699,22
1700,18
1701,10
1702,12
1703,16
1704,17
1705,17
1706,22
1707,12
1708,14
1709,15
1710,12
1711,13
1712,14
1713,20
1714,11
1715,22
1716,17
1717,14
1718,13
1719,11
1720,13
1721,19
1722,18
1723,13
1724,12
1725,11
1726,19
1727,13
1728,16
1729,22
1730,18
1731,13
1732,20
1733,24
1734,20
1735,17
1736,14
1737,8
1738,15
1739,7
1740,10
1741,14
1742,13
1743,13
1744,13
1745,16
1746,16
1747,25
1748,10
1749,13
1750,18
1751,19
1752,17
1753,19
1754,21
1755,13
1756,18
1757,21
1758,13
1759,20
1760,18
1761,14
1762,15
1763,9
1764,11
1765,15
1766,14
1767,17
1768,24
1769,10
1770,16
1771,11
1772,15
1773,16
1774,14
1775,15
1776,12
1777,16
1778,18
1779,16
1780,13
1781,10
1782,9
1783,25
1784,10
1785,15
1786,14
1787,12
1788,21
1789,15
1790,19
1791,21
1792,18
1793,12
1794,25
1795,8
1796,15
1797,20
1798,17
1799,12
1800,11
1801,20
1802,13
1803,15
1804,14
1805,13
1806,16
1807,17
1808,12
1809,15
1810,9
1811,18
1812,13
1813,15
1814,14
1815,11
1816,16
1817,12
1818,17
1819,11
1820,21
1821,15
1822,13
1823,12
1824,16
1825,8
1826,15
1827,15
1828,20
1829,19
1830,13
1831,10
1832,12
1833,21
1834,15
1835,15
1836,15
1837,20
1838,16
1839,15
1840,9
1841,10
1842,15
1843,19
1844,17
1845,14
1846,11
1847,11
1848,13
1849,14
1850,18
1851,11
1852,15
1853,12
1854,17
1855,18
1856,19
1857,10
1858,16
1859,16
1860,17
1861,14
1862,13
1863,15
1864,8
1865,15
1866,14
1867,12
1868,13
1869,7
1870,17
1871,9
1872,17
1873,11
1874,15
1875,11
1876,12
1877,12
1878,12
1879,13
1880,21
1881,21
1882,11
1883,7
1884,14
1885,19
1886,10
1887,12
1888,11
1889,14
1890,10
1891,13
1892,13
1893,17
1894,14
1895,13
1896,12
1897,13
1898,17
1899,13
1900,15
1901,14
1902,14
1903,12
1904,9
1905,18
1906,12
1907,12
1908,7
1909,23
1910,11
1911,16
1912,14
1913,15
1914,13
1915,16
1916,12
1917,24
1918,16
1919,12
1920,11
1921,16
1922,13
1923,21
1924,6
1925,9
1926,6
1927,17
1928,6
1929,18
1930,12
1931,23
1932,10
1933,13
1934,16
1935,11
1936,20
1937,14
1938,15
1939,12
1940,14
1941,8
1942,19
1943,10
1944,20
1945,12
1946,11
1947,13
1948,12
1949,13
1950,13
1951,11
1952,12
1953,7
1954,8
1955,15
1956,17
1957,14
1958,6
1959,10
1960,14
1961,14
1962,9
1963,12
1964,15
1965,4
1966,22
1967,14
1968,14
1969,12
1970,11
1971,7
1972,4
1973,17
1974,10
1975,15
1976,8
1977,13
1978,10
1979,15
1980,11
1981,9
1982,11
1983,12
1984,12
1985,11
1986,12
1987,20
1988,19
1989,7
1990,16
1991,12
1992,10
1993,6
1994,7
1995,10
1996,11
1997,6
1998,6
1999,15
2000,18
2001,16
2002,17
2003,6
2004,12
2005,6
2006,6
2007,15
2008,12
2009,11
2010,17
2011,17
2012,19
2013,7
2014,6
2015,9
2016,12
2017,10
2018,8
2019,15
2020,12
2021,10
2022,10
2023,13
2024,22
2025,10
2026,11
2027,9
2028,8
2029,8
2030,13
2031,9
2032,13
2033,17
2034,13
2035,12
2036,14
2037,14
2038,15
2039,18
2040,13
2041,10
2042,6
2043,8
2044,7
2045,7
2046,15
2047,9
2048,13
2049,14
2050,7
2051,11
2052,12
2053,12
2054,6
2055,20
2056,9
2057,18
2058,7
2059,19
2060,16
2061,11
2062,10
2063,8
2064,17
2065,12
2066,7
2067,6
2068,12
2069,14
2070,13
2071,11
2072,11
2073,11
2074,13
2075,12
2076,12
2077,12
2078,8
2079,9
2080,20
2081,10
2082,11
2083,12
2084,9
2085,9
2086,9
2087,9
2088,6
2089,13
2090,5
2091,13
2092,12
2093,11
2094,12
2095,15
2096,8
2097,11
2098,8
2099,12
2100,7
2101,16
2102,12
2103,13
2104,9
2105,12
2106,5
2107,13
2108,13
2109,20
2110,18
2111,12
2112,10
2113,7
2114,14
2115,16
2116,12
2117,6
2118,17
2119,8
2120,10
2121,6
2122,15
2123,5
2124,11
2125,9
2126,11
2127,14
2128,5
2129,14
2130,12
2131,8
2132,3
2133,10
2134,16
2135,10
2136,9
2137,5
2138,8
2139,15
2140,14
2141,14
2142,10
2143,13
2144,9
2145,17
2146,8
2147,9
2148,12
2149,11
2150,11
2151,16
2152,9
2153,17
2154,10
2155,8
2156,11
2157,12
2158,8
2159,13
2160,7
2161,11
2162,7
2163,10
2164,10
2165,6
2166,8
2167,5
2168,12
2169,8
2170,6
2171,7
2172,11
2173,13
2174,8
2175,10
2176,20
2177,9
2178,10
2179,8
2180,8
2181,5
2182,15
2183,6
2184,4
2185,13
2186,5
2187,12
2188,12
2189,11
2190,14
2191,11
2192,8
2193,10
2194,10
2195,13
2196,12
2197,7
2198,9
2199,4
2200,12
2201,6
2202,13
2203,5
2204,6
2205,10
2206,11
2207,11
2208,8
2209,9
2210,7
2211,7
2212,10
2213,5
2214,9
2215,9
2216,15
2217,13
2218,7
2219,13
2220,9
2221,9
2222,7
2223,7
2224,8
2225,12
2226,14
2227,18
2228,11
2229,10
2230,10
2231,13
2232,11
2233,7
2234,10
2235,12
2236,13
2237,8
2238,9
2239,9
2240,9
2241,12
2242,14
2243,9
2244,7
2245,7
2246,6
2247,5
2248,7
2249,6
2250,7
2251,9
2252,9
2253,11
2254,13
2255,7
2256,9
2257,8
2258,7
2259,12
2260,10
2261,6
2262,12
2263,10
2264,12
2265,12
2266,8
2267,4
2268,6
2269,13
2270,9
2271,7
2272,7
2273,5
2274,12
2275,9
2276,6
2277,16
2278,10
2279,11
2280,5
2281,10
2282,9
2283,10
2284,9
2285,5
2286,10
2287,12
2288,18
2289,10
2290,12
2291,10
2292,10
2293,7
2294,9
2295,12
2296,9
2297,8
2298,9
2299,13
2300,11
2301,8
2302,8
2303,6
2304,7
2305,12
2306,9
2307,5
2308,9
2309,9
2310,10
2311,4
2312,6
2313,5
2314,8
2315,8
2316,10
2317,6
2318,5
2319,8
2320,3
2321,5
2322,6
2323,8
2324,3
2325,11
2326,10
2327,9
2328,17
2329,11
2330,9
2331,8
2332,9
2333,13
2334,6
2335,4
2336,16
2337,6
2338,6
2339,11
2340,10
2341,7
2342,6
2343,8
2344,13
2345,10
2346,12
2347,9
2348,8
2349,10
2350,12
2351,7
2352,7
2353,15
2354,8
2355,8
2356,2
2357,13
2358,7
2359,7
2360,13
2361,9
2362,8
2363,4
2364,6
2365,12
2366,11
2367,7
2368,10
2369,10
2370,7
2371,3
2372,10
2373,10
2374,9
2375,10
2376,9
2377,7
2378,13
2379,7
2380,8
2381,8
2382,7
2383,11
2384,10
2385,6
2386,9
2387,10
2388,12
2389,10
2390,4
2391,10
2392,9
2393,10
2394,7
2395,5
2396,3
2397,7
2398,7
2399,6
2400,5
2401,10
2402,3
2403,10
2404,5
2405,8
2406,5
2407,10
2408,12
2409,2
2410,9
2411,9
2412,4
2413,9
2414,7
2415,4
2416,9
2417,11
2418,4
2419,3
2420,3
2421,8
2422,10
2423,13
2424,7
2425,12
2426,9
2427,9
2428,6
2429,10
2430,6
2431,7
2432,3
2433,4
2434,5
2435,6
2436,6
2437,7
2438,7
2439,7
2440,7
2441,9
2442,11
2443,10
2444,5
2445,9
2446,8
2447,16
2448,8
2449,7
2450,9
2451,8
2452,7
2453,6
2454,4
2455,8
2456,8
2457,11
2458,9
2459,3
2460,5
2461,12
2462,8
2463,9
2464,6
2465,4
2466,8
2467,8
2468,11
2469,9
2470,5
2471,3
2472,3
2473,9
2474,8
2475,5
2476,7
2477,6
2478,8
2479,7
2480,8
2481,2
2482,10
2483,6
2484,12
2485,6
2486,5
2487,8
2488,4
2489,8
2490,8
2491,6
2492,5
2493,6
2494,8
2495,10
2496,13
2497,6
2498,6
2499,7
2500,4
2501,6
2502,7
2503,4
2504,7
2505,5
2506,14
2507,9
2508,3
2509,6
2510,3
2511,7
2512,6
2513,5
2514,4
2515,6
2516,6
2517,3
2518,7
2519,5
2520,11
2521,7
2522,8
2523,9
2524,7
2525,7
2526,13
2527,7
2528,7
2529,8
2530,6
2531,8
2532,8
2533,5
2534,6
2535,7
2536,3
2537,8
2538,3
2539,9
2540,2
2541,1
2542,9
2543,4
2544,4
2545,5
2546,6
2547,8
2548,3
2549,6
2550,9
2551,6
2552,9
2553,4
2554,10
2555,4
2556,5
2557,5
2558,2
2559,8
2560,8
2561,4
2562,10
2563,12
2564,7
2565,8
2566,4
2567,9
2568,5
2569,13
2570,8
2571,6
2572,3
2573,7
2574,7
2575,7
2576,7
2577,3
2578,8
2579,8
2580,8
2581,5
2582,5
2583,3
2584,3
2585,2
2586,7
2587,9
2588,6
2589,1
2590,10
2591,8
2592,6
2593,9
2594,5
2595,3
2596,7
2597,2
2598,3
2599,7
2600,4
2601,8
2602,8
2603,8
2604,4
2605,8
2606,6
2607,6
2608,5
2609,9
2610,4
2611,6
2612,5
2613,5
2614,10
2615,7
2616,4
2617,8
2618,5
2619,5
2620,6
2621,4
2622,4
2623,10
2624,4
2625,4
2626,7
2627,3
2628,3
2629,7
2630,4
2631,7
2632,5
2633,7
2634,5
2635,5
2636,8
2637,4
2638,6
2639,9
2640,5
2641,9
2642,5
2643,8
2644,6
2645,3
2646,8
2647,6
2648,10
2649,4
2650,5
2651,3
2652,4
2653,3
2654,5
2655,7
2656,4
2657,9
2658,1
2659,5
2660,5
2661,1
2662,4
2663,3
2664,3
2665,8
2666,9
2667,7
2668,6
2669,3
2670,9
2671,6
2672,8
2673,8
2674,6
2675,4
2676,4
2677,10
2678,2
2679,5
2680,4
2681,9
2682,5
2683,8
2684,3
2685,8
2686,4
2687,7
2688,7
2689,11
2690,5
2691,4
2692,5
2693,2
2694,6
2695,11
2696,3
2697,8
2698,3
2699,7
2700,6
2701,3
2702,4
2703,9
2704,10
2705,6
2706,5
2707,2
2708,4
2709,4
2710,6
2711,2
2712,4
2713,3
2714,5
2715,4
2716,6
2717,1
2718,7
2719,9
2720,5
2721,6
2722,3
2723,6
2724,2
2725,5
2726,2
2727,2
2728,8
2729,2
2730,10
2731,5
2732,4
2733,7
2734,5
2735,7
2736,8
2737,4
2738,8
2739,9
2740,6
2741,3
2742,2
2743,11
2744,4
2745,5
2746,8
2747,5
2748,1
2749,3
2750,10
2751,4
2752,2
2753,4
2754,3
2755,2
2756,9
2757,7
2758,4
2759,4
2760,2
2761,8
2762,3
2763,4
2764,6
2765,4
2766,4
2767,5
2768,6
2769,4
2770,4
2771,3
2772,4
2773,2
2774,5
2775,3
2776,4
2777,5
2778,4
2779,6
2780,6
2781,9
2782,6
2783,3
2784,7
2785,6
2786,3
2787,4
2788,8
2789,2
2790,6
2791,4
2793,6
2794,4
2795,8
2796,2
2797,2
2798,6
2799,5
2800,3
2801,5
2802,6
2803,5
2804,2
2805,2
2806,7
2807,5
2808,8
2809,8
2810,4
2811,3
2812,6
2813,10
2814,2
2815,2
2816,5
2817,4
2818,6
2819,4
2820,9
2821,2
2822,2
2823,5
2824,1
2825,3
2826,6
2827,7
2828,9
2829,7
2830,5
2831,3
2832,4
2833,5
2834,5
2835,4
2836,4
2837,7
2838,3
2839,4
2840,6
2841,1
2842,5
2843,5
2844,4
2845,8
2846,4
2847,4
2848,6
2849,5
2850,3
2851,6
2852,2
2853,1
2854,4
2855,5
2856,2
2858,3
2859,8
2860,7
2861,3
2862,3
2863,3
2864,4
2867,2
2868,2
2869,2
2870,3
2871,3
2872,9
2873,4
2874,6
2875,1
2876,2
2877,11
2878,8
2879,9
2880,7
2881,5
2882,4
2883,2
2884,8
2885,5
2886,7
2887,4
2888,7
2889,3
2890,5
2891,6
2892,2
2893,5
2894,4
2895,7
2896,3
2897,7
2898,8
2899,3
2900,4
2901,5
2902,4
2903,6
2904,5
2905,5
2906,4
2907,4
2908,5
2909,6
2910,3
2911,2
2912,5
2913,4
2914,3
2915,5
2916,2
2917,3
2918,2
2919,4
2920,5
2921,1
2922,4
2923,7
2924,8
2925,2
2927,3
2928,4
2929,6
2930,2
2931,8
2932,4
2933,3
2934,4
2935,8
2936,4
2937,5
2939,3
2940,5
2941,8
2942,7
2943,6
2944,1
2945,10
2946,2
2947,1
2948,7
2949,2
2950,4
2951,1
2952,5
2953,1
2954,3
2955,2
2957,6
2958,7
2959,8
2960,3
2961,7
2962,4
2963,5
2964,3
2965,4
2966,3
2967,2
2968,4
2969,4
2970,5
2972,4
2973,2
2974,6
2975,1
2976,4
2977,2
2978,7
2979,6
2980,3
2981,5
2982,5
2983,5
2984,1
2985,4
2986,4
2987,1
2988,4
2989,2
2990,5
2991,1
2992,10
2993,1
2994,10
2995,5
2996,6
2997,8
2998,4
2999,3
3000,4
3001,2
3002,2
3003,5
3004,2
3005,6
3006,7
3007,3
3008,3
3009,3
3010,1
3011,4
3012,3
3013,7
3014,6
3015,2
3016,4
3017,2
3018,2
3019,5
3020,4
3021,2
3022,5
3023,3
3024,4
3025,5
3026,4
3027,4
3028,4
3029,1
3030,3
3031,1
3032,5
3033,3
3034,8
3035,3
3036,8
3037,8
3038,3
3039,1
3040,3
3041,5
3042,4
3043,1
3044,4
3045,1
3046,2
3047,1
3048,4
3049,2
3050,8
3051,8
3052,3
3053,3
3054,2
3055,3
3056,2
3057,6
3058,2
3059,3
3060,4
3061,2
3062,4
3063,5
3064,7
3065,6
3066,3
3067,3
3068,4
3069,1
3070,3
3071,3
3072,1
3074,5
3075,3
3076,5
3077,1
3078,2
3079,4
3080,4
3081,4
3082,3
3083,5
3084,3
3085,4
3087,6
3088,2
3089,4
3090,6
3091,2
3092,1
3093,4
3094,5
3095,4
3096,3
3097,6
3098,2
3099,2
3100,4
3101,3
3102,2
3103,3
3104,1
3105,3
3106,3
3107,1
3108,3
3109,2
3110,3
3111,5
3112,2
3113,3
3114,6
3115,1
3116,2
3117,1
3118,1
3119,7
3120,4
3121,2
3122,2
3123,5
3124,4
3125,5
3126,2
3127,1
3128,3
3129,6
3130,3
3131,1
3132,4
3133,3
3134,2
3135,5
3136,3
3137,2
3138,3
3139,10
3140,2
3141,2
3142,3
3143,4
3144,1
3145,2
3146,4
3147,1
3148,5
3149,5
3150,6
3151,1
3152,4
3153,5
3154,4
3155,7
3156,1
3157,4
3158,2
3159,4
3160,2
3161,3
3162,6
3163,4
3164,2
3165,3
3166,1
3167,4
3168,7
3169,3
3170,3
3171,2
3172,2
3173,3
3174,7
3175,3
3176,3
3177,4
3178,7
3179,3
3180,1
3181,1
3182,5
3183,2
3184,2
3185,3
3186,1
3187,1
3188,4
3189,3
3190,5
3191,4
3192,3
3193,2
3194,3
3195,4
3196,3
3197,4
3198,2
3199,1
3200,3
3201,6
3202,3
3203,5
3204,3
3206,2
3207,6
3208,1
3209,5
3210,6
3211,5
3212,2
3214,2
3215,3
3216,3
3217,3
3219,2
3220,5
3221,4
3222,1
3223,5
3224,1
3225,1
3227,3
3228,2
3229,1
3230,5
3231,3
3232,5
3233,2
3234,2
3235,2
3236,2
3238,3
3239,2
3241,2
3242,2
3243,4
3244,1
3245,2
3246,4
3247,1
3248,2
3249,2
3251,4
3252,4
3254,5
3255,1
3256,1
3257,4
3258,2
3259,4
3260,2
3261,1
3262,4
3263,3
3264,2
3265,2
3266,3
3267,2
3269,4
3270,1
3271,1
3272,1
3273,3
3274,4
3275,3
3276,2
3277,2
3278,3
3279,1
3280,1
3281,2
3282,3
3283,4
3284,3
3285,3
3286,5
3288,5
3289,2
3290,1
3291,2
3292,1
3293,4
3294,3
3295,1
3296,2
3297,1
3298,4
3299,2
3300,3
3302,5
3303,5
3304,2
3305,3
3306,5
3308,2
3309,5
3310,4
3311,4
3312,4
3313,3
3314,3
3315,2
3316,2
3317,5
3318,6
3319,3
3321,4
3322,1
3323,1
3324,4
3325,3
3326,2
3328,2
3329,3
3330,1
3331,3
3332,3
3333,3
3334,2
3335,1
3337,1
3338,3
3339,4
3340,3
3341,4
3342,5
3343,2
3344,2
3345,3
3346,1
3347,2
3348,3
3349,2
3350,2
3351,4
3352,4
3353,3
3354,4
3355,2
3356,2
3357,3
3358,3
3359,6
3360,6
3361,3
3362,1
3363,4
3364,1
3365,6
3366,1
3367,2
3368,3
3369,6
3370,3
3371,2
3372,4
3373,3
3374,1
3375,2
3376,5
3377,5
3378,2
3379,5
3380,4
3381,4
3382,4
3383,2
3384,6
3385,3
3386,2
3387,2
3388,5
3389,2
3390,1
3391,4
3392,2
3393,5
3394,4
3395,3
3397,4
3398,2
3399,4
3400,4
3401,2
3402,1
3404,2
3405,3
3406,5
3407,2
3408,4
3409,3
3410,1
3411,2
3412,3
3413,2
3414,3
3416,2
3417,4
3418,2
3419,1
3420,2
3421,1
3422,5
3423,1
3424,1
3425,4
3426,3
3427,4
3428,4
3429,2
3430,4
3431,3
3432,1
3433,3
3434,1
3435,4
3436,2
3437,3
3438,3
3439,3
3440,3
3441,2
3442,2
3443,1
3444,2
3446,3
3447,2
3448,3
3450,2
3451,4
3453,2
3454,4
3455,4
3456,1
3457,7
3458,2
3459,2
3460,1
3462,1
3463,1
3464,2
3465,1
3466,2
3467,2
3468,1
3469,2
3470,2
3471,2
3473,2
3474,1
3475,1
3477,1
3478,4
3479,4
3480,2
3482,3
3483,1
3484,2
3485,3
3486,1
3487,1
3488,2
3489,1
3490,5
3492,5
3493,2
3494,2
3495,3
3496,2
3497,6
3499,2
3500,2
3501,4
3503,2
3504,1
3505,1
3506,3
3507,5
3509,3
3510,3
3512,2
3513,2
3514,5
3515,2
3516,2
3517,3
3519,2
3520,1
3521,3
3522,3
3523,3
3524,1
3525,1
3526,5
3527,2
3528,1
3529,1
3530,2
3531,2
3532,1
3533,1
3534,5
3535,1
3537,3
3538,3
3539,1
3540,2
3541,1
3543,3
3544,1
3545,2
3546,3
3547,2
3548,1
3549,3
3550,4
3551,1
3552,2
3553,2
3555,3
3557,1
3558,1
3560,2
3561,1
3563,2
3564,1
3565,1
3566,2
3567,2
3568,2
3569,2
3571,2
3572,1
3573,3
3574,2
3575,4
3576,1
3577,1
3578,2
3579,1
3580,2
3583,1
3584,1
3585,2
3587,3
3588,3
3590,3
3591,2
3594,4
3595,1
3596,2
3597,1
3598,2
3600,5
3601,2
3602,2
3603,4
3604,2
3605,2
3606,2
3607,2
3608,4
3611,3
3612,1
3613,1
3614,2
3615,1
3617,1
3618,3
3619,1
3622,1
3623,2
3624,2
3625,1
3626,2
3627,2
3628,2
3630,2
3632,2
3633,4
3634,2
3635,3
3636,2
3637,2
3638,3
3639,2
3640,6
3641,5
3642,3
3644,1
3645,1
3646,2
3650,1
3652,2
3653,1
3654,4
3655,2
3656,1
3657,1
3659,1
3660,2
3661,1
3662,3
3664,1
3665,1
3667,1
3670,4
3671,1
3672,1
3674,1
3675,4
3676,2
3677,2
3678,2
3681,1
3682,1
3683,2
3684,1
3685,2
3686,1
3687,2
3688,1
3689,2
3691,1
3692,2
3693,1
3695,3
3696,3
3697,1
3701,1
3702,5
3703,1
3705,2
3707,3
3708,1
3709,1
3710,6
3711,1
3713,3
3714,3
3715,2
3716,3
3717,2
3720,2
3721,2
3722,2
3723,2
3726,1
3727,2
3728,1
3729,3
3731,2
3732,4
3734,1
3735,1
3736,1
3737,3
3738,1
3739,2
3740,3
3741,2
3742,1
3743,1
3744,2
3746,5
3747,1
3748,1
3749,1
3750,3
3751,2
3752,4
3753,5
3754,1
3756,5
3757,2
3758,1
3759,2
3761,1
3762,1
3763,1
3765,1
3767,1
3768,4
3769,2
3770,1
3771,2
3772,1
3773,1
3776,6
3777,2
3780,1
3781,1
3782,1
3783,4
3784,1
3785,1
3786,1
3787,2
3788,3
3790,1
3791,1
3793,1
3794,2
3795,2
3796,1
3797,1
3798,1
3800,5
3801,1
3802,1
3803,2
3804,2
3805,1
3806,2
3808,1
3810,1
3812,1
3813,1
3815,3
3817,1
3818,3
3819,1
3820,2
3821,3
3822,1
3823,2
3826,1
3827,3
3828,2
3829,2
3830,2
3831,2
3832,4
3833,2
3836,3
3839,2
3840,1
3841,1
3842,1
3843,1
3844,2
3846,2
3847,3
3848,2
3849,4
3850,4
3851,2
3853,2
3854,1
3855,2
3857,3
3858,4
3859,1
3860,2
3861,1
3862,2
3863,1
3866,2
3868,2
3869,1
3870,2
3871,2
3873,1
3874,1
3875,2
3877,2
3878,1
3879,4
3880,1
3881,2
3882,1
3883,2
3884,1
3885,1
3886,2
3888,4
3889,1
3890,1
3891,1
3893,2
3894,1
3895,2
3898,3
3899,1
3900,2
3902,4
3903,1
3904,2
3905,1
3907,2
3909,1
3910,2
3912,1
3913,2
3915,1
3916,2
3917,1
3920,2
3922,2
3923,1
3924,1
3925,2
3926,3
3927,2
3928,2
3929,1
3931,3
3933,2
3934,2
3935,2
3937,3
3938,1
3940,2
3943,1
3944,1
3946,1
3947,1
3951,2
3953,2
3954,1
3957,2
3958,1
3959,1
3960,1
3963,1
3966,1
3968,2
3970,3
3971,1
3972,2
3974,2
3976,2
3978,1
3982,1
3983,1
3985,4
3986,1
3987,1
3988,2
3989,1
3991,2
3992,1
3994,1
3996,4
3999,1
4000,1
4002,1
4004,1
4005,2
4006,1
4007,1
4008,2
4009,1
4010,2
4012,4
4013,2
4014,1
4016,1
4019,1
4021,1
4022,2
4024,1
4026,1
4027,3
4028,1
4031,1
4032,3
4034,2
4035,1
4036,1
4038,1
4039,1
4040,2
4041,2
4042,1
4044,1
4045,1
4048,1
4050,1
4051,1
4053,1
4054,1
4055,1
4056,1
4058,2
4059,1
4062,1
4063,3
4064,1
4065,3
4066,1
4068,1
4069,1
4070,2
4071,2
4072,1
4073,2
4079,1
4080,1
4081,1
4083,1
4086,1
4087,2
4088,1
4090,1
4092,1
4093,1
4094,2
4097,1
4098,1
4101,2
4102,1
4103,2
4104,1
4106,1
4107,2
4108,1
4109,2
4111,1
4112,2
4115,1
4116,1
4118,2
4120,1
4121,1
4123,1
4124,1
4126,1
4127,1
4128,2
4131,1
4132,1
4133,2
4134,1
4135,1
4136,4
4137,3
4138,1
4139,1
4142,1
4143,2
4144,1
4145,1
4149,2
4151,1
4152,1
4154,2
4156,3
4162,1
4164,4
4165,1
4166,1
4168,2
4170,2
4171,1
4174,2
4175,1
4176,2
4177,1
4178,1
4179,1
4180,2
4181,1
4182,1
4183,1
4184,2
4185,1
4186,2
4187,1
4188,1
4189,1
4190,1
4191,3
4192,3
4194,1
4196,1
4197,1
4201,1
4203,1
4204,3
4208,1
4213,2
4214,1
4215,2
4217,2
4219,1
4220,1
4221,3
4224,2
4225,1
4226,1
4227,2
4229,1
4232,1
4234,1
4236,2
4237,1
4239,1
4242,1
4246,1
4248,1
4252,2
4256,1
4260,1
4261,1
4264,1
4267,1
4269,1
4272,1
4273,1
4275,1
4276,1
4283,1
4285,1
4286,2
4287,1
4288,2
4289,1
4290,2
4292,2
4293,1
4294,2
4296,1
4301,1
4302,1
4308,1
4310,1
4311,1
4315,2
4316,2
4318,1
4321,1
4323,1
4324,1
4325,2
4328,1
4329,1
4330,1
4331,1
4333,1
4334,1
4335,2
4339,1
4343,2
4345,1
4349,2
4356,1
4357,2
4360,1
4361,3
4362,2
4366,1
4367,1
4371,1
4374,2
4375,1
4377,1
4379,1
4382,1
4385,1
4386,1
4387,1
4388,1
4390,1
4392,1
4399,1
4400,1
4401,2
4402,1
4404,1
4410,1
4413,1
4415,2
4416,1
4418,1
4419,2
4420,1
4424,1
4425,1
4430,2
4432,2
4438,1
4440,1
4442,1
4457,1
4458,2
4459,1
4461,2
4462,2
4463,1
4465,1
4468,1
4469,1
4472,3
4473,1
4476,2
4478,1
4479,1
4480,1
4481,2
4483,1
4487,1
4489,2
4491,1
4492,1
4494,1
4497,1
4499,1
4501,1
4502,1
4503,1
4504,2
4508,1
4509,2
4519,2
4521,1
4522,1
4525,1
4526,1
4527,1
4528,2
4529,1
4532,1
4534,1
4540,1
4542,1
4543,1
4547,2
4548,1
4549,1
4552,1
4553,1
4554,1
4559,1
4561,1
4563,1
4565,1
4567,2
4570,1
4572,1
4576,1
4580,2
4583,1
4584,1
4585,2
4586,1
4588,1
4593,1
4594,1
4597,2
4600,1
4606,1
4608,3
4609,1
4615,2
4616,1
4619,1
4623,1
4625,1
4626,1
4639,1
4643,1
4647,1
4649,1
4650,1
4651,1
4652,1
4654,1
4657,1
4659,1
4664,2
4665,1
4670,3
4676,1
4677,1
4681,1
4686,1
4688,1
4692,1
4696,1
4699,1
4703,1
4709,1
4710,1
4728,2
4731,1
4733,1
4737,1
4745,1
4751,1
4752,1
4753,2
4755,3
4764,1
4774,2
4785,1
4786,1
4794,1
4795,1
4799,1
4807,1
4809,1
4817,1
4818,1
4819,1
4826,1
4827,1
4830,1
4842,2
4847,1
4848,1
4853,1
4864,1
4870,1
4871,1
4880,1
4883,1
4903,1
4907,1
4908,1
4909,1
4926,1
4927,2
4928,1
4930,1
4933,1
4937,2
4942,1
4944,3
4946,1
4961,1
4963,1
4970,1
4978,1
4989,1
4994,1
4995,1
5002,1
5003,1
5012,1
5021,1
5026,1
5030,2
5033,3
5034,1
5039,1
5043,1
5047,1
5048,1
5050,1
5051,1
5053,1
5065,1
5071,1
5076,1
5077,1
5088,1
5091,1
5092,1
5094,1
5117,1
5118,2
5123,1
5126,1
5127,1
5144,1
5149,1
5150,1
5151,1
5152,1
5156,1
5163,1
5173,1
5180,1
5192,1
5196,1
5199,1
5225,1
5226,1
5233,1
5237,1
5238,1
5252,1
5263,1
5272,1
5284,1
5286,1
5290,2
5312,2
5314,1
5317,1
5319,1
5340,1
5363,1
5364,1
5366,1
5368,1
5369,1
5371,1
5372,1
5381,1
5384,1
5392,1
5396,1
5406,2
5410,1
5414,1
5415,1
5416,1
5419,1
5424,1
5436,1
5440,1
5452,1
5462,1
5469,1
5485,1
5497,1
5505,1
5516,2
5521,1
5527,1
5534,1
5544,1
5559,1
5570,1
5574,1
5583,1
5592,1
5597,1
5665,1
5666,1
5680,1
5689,1
5694,1
5700,1
5702,1
5738,1
5753,1
5760,1
5767,1
5772,1
5783,1
5802,1
5819,2
5833,1
5857,1
5860,1
5884,1
5887,1
5898,1
5900,1
5921,1
5933,1
5935,1
5945,1
5973,1
5981,1
5993,1
5995,1
6015,1
6056,1
6062,1
6109,1
6118,1
6140,1
6145,1
6188,1
6198,1
6202,2
6236,1
6308,1
6311,1
6315,1
6340,1
6343,1
6380,1
6423,1
6440,1
6476,1
6479,1
6483,2
6566,1
6606,1
6664,1
6678,1
6707,1
7056,1
7062,1
7459,1
7521,1
7636,1
8614,1
8735,1
10546,1
