gene_id,log2_ratio
ENSG00000001626,-0.73452039102576572
ENSG00000003147,-0.40757746238098896
ENSG00000004468,0.59086949016027246
ENSG00000007908,0.28502666884527972
ENSG00000010610,0.86761615904043654
ENSG00000017427,-1.0983551831467708
ENSG00000019169,0.68007732381988173
ENSG00000020633,0.094082380330302348
ENSG00000026103,-0.3950530729265111
ENSG00000039068,0.04638091978376329
ENSG00000042980,-0.59409933743199772
ENSG00000047457,0.070303267481055157
ENSG00000048462,-0.070430788857910709
ENSG00000049768,1.1506236877905258
ENSG00000073282,1.9439300267244843
ENSG00000074527,1.1691214965424312
ENSG00000075223,0.17797343314446704
ENSG00000075618,0.37250002198567234
ENSG00000078900,-1.5453162251321313
ENSG00000079215,-1.8822358439490885
ENSG00000085265,-1.1621406929942939
ENSG00000085733,0.78211347193059166
ENSG00000089692,0.75932114056530164
ENSG00000095303,-0.047815862107599791
ENSG00000095970,2
ENSG00000100453,0.61519607804643983
ENSG00000100644,0.87967048710750739
ENSG00000100721,2
ENSG00000100985,1.396114968839671
ENSG00000101017,-0.1543823043474177
ENSG00000102096,0.52073529355022874
ENSG00000102245,-0.069127432287823767
ENSG00000102554,-0.68380484523039209
ENSG00000103569,-0.28155307973618915
ENSG00000104918,0.42946386082005927
ENSG00000105369,1.2038925924710187
ENSG00000105976,-0.65671590254475098
ENSG00000105989,0.32367155348573973
ENSG00000106415,0.050044614967592063
ENSG00000108405,-1.253845252841048
ENSG00000109320,-1.1395488057396732
ENSG00000109501,-0.38160412004825633
ENSG00000110777,1.0795996757314785
ENSG00000111796,-0.90385049514837257
ENSG00000113088,-1.2087765240730397
ENSG00000113721,1.3882046246599811
ENSG00000114013,-0.35367136237044233
ENSG00000115602,-0.50415621336577132
ENSG00000116824,-0.41056103650080111
ENSG00000117394,0.98151812431913255
ENSG00000117560,0.61986244132794277
ENSG00000117707,-0.73253806302118518
ENSG00000117724,-0.69619316775619122
ENSG00000117983,1.1650837685142974
ENSG00000119681,0.63223988131841424
ENSG00000119888,0.44213902050354215
ENSG00000120217,-0.19741375149770773
ENSG00000121594,-0.96229070323738886
ENSG00000121769,0.15952595860652871
ENSG00000122694,0.64733431392183427
ENSG00000124875,-1.7890369099977557
ENSG00000125398,0.28324953613807119
ENSG00000125726,2
ENSG00000126353,-1.633350843497138
ENSG00000127324,-0.68585977516543439
ENSG00000127954,-1.1094575205921098
ENSG00000128052,0.076557360716417514
ENSG00000129226,1.2220087219211491
ENSG00000129654,1.1865674871211933
ENSG00000130234,0.24847548406316033
ENSG00000130300,0.42639124496025221
ENSG00000131042,-0.51342607389292594
ENSG00000131747,-0.85834669507043904
ENSG00000132470,0.65694448223648072
ENSG00000132514,0.87686152139546214
ENSG00000132646,1.2009314021748787
ENSG00000133063,-0.7951465533845441
ENSG00000133067,1.1150940432121634
ENSG00000133083,-0.83854711883362121
ENSG00000133101,-0.95152389957965455
ENSG00000134020,-0.57940384079572582
ENSG00000134285,0.055701603263395738
ENSG00000134539,-1.1847954615042597
ENSG00000134545,2
ENSG00000134853,0.89529197294707019
ENSG00000135047,2
ENSG00000135077,-0.66073342018685244
ENSG00000135373,0.041179572688685329
ENSG00000135525,0.51942460670141222
ENSG00000136997,-0.088056877186279303
ENSG00000137193,0.31239515518700178
ENSG00000137441,-0.43556029206972241
ENSG00000137672,-0.47765403511518617
ENSG00000138378,-1.1804874224788859
ENSG00000138755,0.21746185094451803
ENSG00000139193,0.9717587517684485
ENSG00000139292,0.089595398285695876
ENSG00000139352,0.80045899549019861
ENSG00000140968,-1.673019929875357
ENSG00000143248,-1.0581070123318359
ENSG00000144063,1.2648503441833736
ENSG00000144959,-0.50459766634293124
ENSG00000145649,-0.27244746014565779
ENSG00000145703,1.3921801381523788
ENSG00000146070,0.11288702019609995
ENSG00000146648,0.68648903867714961
ENSG00000148053,-1.1817761592241618
ENSG00000148773,-1.2011771509151274
ENSG00000149534,-0.51367997429792189
ENSG00000150337,-1.3076308525556566
ENSG00000151012,-1.76212031888734
ENSG00000151694,0.14119418812744425
ENSG00000153064,-0.18132496579891288
ENSG00000153563,0.60377292524795201
ENSG00000154096,1.5839384714585225
ENSG00000154734,2
ENSG00000155659,-0.33226843833275355
ENSG00000156234,-0.5986682255732686
ENSG00000156738,0.38049871838813654
ENSG00000157404,-0.69688917179574328
ENSG00000157456,-0.99085127289283981
ENSG00000158477,-0.30035347310876531
ENSG00000158481,0.31917673598079122
ENSG00000159640,0.051206080815000748
ENSG00000159958,0.60220232131799567
ENSG00000160683,-0.41351112321556366
ENSG00000160867,0.7318593763144523
ENSG00000162493,-0.32491964126515538
ENSG00000162595,0.55615044503696476
ENSG00000162618,-0.857798871150808
ENSG00000162894,-1.1303516695095184
ENSG00000163106,-0.50673719335497713
ENSG00000163599,0.13119346758637226
ENSG00000163735,-0.58357927769802176
ENSG00000165025,-0.66798688255335337
ENSG00000165124,-0.91579410269169037
ENSG00000165646,0.23797647230387098
ENSG00000165929,-0.88286155964891633
ENSG00000166292,0.22798363901644145
ENSG00000166825,0.67706777234465954
ENSG00000167434,0.67696555197862751
ENSG00000168269,-0.96055255352906443
ENSG00000169245,-0.45748560835122998
ENSG00000169710,0.25396707420172138
ENSG00000169896,0.85334004874022384
ENSG00000170312,-1.0622348795996277
ENSG00000170458,1.4563646260753103
ENSG00000170476,0.64110581862582838
ENSG00000171303,-0.042389605147503014
ENSG00000171659,0.67944152332336893
ENSG00000172116,-0.26505903217298249
ENSG00000172215,-0.37055352410781595
ENSG00000172322,-1.0353766073830064
ENSG00000173467,-1.1259953744907756
ENSG00000173546,0.52562650212996309
ENSG00000174059,-0.20855498143001219
ENSG00000174175,0.41965618059204257
ENSG00000175063,-1.2352947957677776
ENSG00000177455,1.3844104338904066
ENSG00000177575,-0.48108987349770799
ENSG00000178562,-0.11641821081471654
ENSG00000179639,-0.50979234891809233
ENSG00000181449,0.11460295858965724
ENSG00000182866,0.19123363055649292
ENSG00000183734,-0.24274787513373983
ENSG00000184012,-0.26158473607900207
ENSG00000184113,2
ENSG00000184347,-1.3711901080030819
ENSG00000184937,-1.5767256597709522
ENSG00000185499,-0.62280684363295657
ENSG00000186340,-0.43132540627396032
ENSG00000186407,-0.22846074069677491
ENSG00000186818,-0.50684942348349216
ENSG00000186891,2
ENSG00000187116,1.6254104519537655
ENSG00000188389,2
ENSG00000188404,-0.41163079925023216
ENSG00000196136,0.50676158167211482
ENSG00000196586,-0.19770703439036402
ENSG00000197614,-0.52278029281091132
ENSG00000197646,0.10503372672809456
ENSG00000198523,0.7033361773482717
ENSG00000198821,0.71768439861614175
ENSG00000198851,1.5272389495623833
ENSG00000203747,-1.5861005269914252
ENSG00000204262,1.0229621070893544
ENSG00000204305,1.3687139747819013
ENSG00000239961,-0.078471073281199261
ENSG00000240505,0.050323574382670114
ENSG00000243566,-0.70008509237932004
ENSG00000243649,0.10897210758111078
ENSG00000244405,-0.068348665090689403
ENSG00000251322,-0.12035007548344151
ENSG00000262406,2
ENSG00000265107,-0.47280583615592636
ENSG00000269404,-0.12593285340399463
