family_id,ensembl_id,gene_symbol
human_seta_e5,ENSG00000005893,LAMP2
human_seta_e5,ENSG00000068078,FGFR3
human_seta_e5,ENSG00000068323,TFE3
human_seta_e5,ENSG00000081237,PTPRC
human_seta_e5,ENSG00000100146,SOX10
human_seta_e5,ENSG00000105695,MAG
human_seta_e5,ENSG00000106278,PTPRZ1
human_seta_e5,ENSG00000107731,UNC5B
human_seta_e5,ENSG00000112319,EYA4
human_seta_e5,ENSG00000117984,CTSD
human_seta_e5,ENSG00000122756,CNTFR
human_seta_e5,ENSG00000123240,OPTN
human_seta_e5,ENSG00000124762,CDKN1A
human_seta_e5,ENSG00000124920,MYRF
human_seta_e5,ENSG00000129226,CD68
human_seta_e5,ENSG00000130203,APOE
human_seta_e5,ENSG00000135426,TESPA1
human_seta_e5,ENSG00000145649,GZMA
human_seta_e5,ENSG00000147488,ST18
human_seta_e5,ENSG00000148400,NOTCH1
human_seta_e5,ENSG00000152595,MEPE
human_seta_e5,ENSG00000158869,FCER1G
human_seta_e5,ENSG00000161243,FBXO27
human_seta_e5,ENSG00000167614,TTYH1
human_seta_e5,ENSG00000171885,AQP4
human_seta_e5,ENSG00000181449,SOX2
human_seta_e5,ENSG00000184144,CNTN2
human_seta_e5,ENSG00000186868,MAPT
human_seta_e5,ENSG00000187123,LYPD6
human_seta_e5,ENSG00000196735,HLA-DQA1
human_seta_e5,ENSG00000205927,OLIG2
human_seta_e5,ENSG00000215218,UBE2QL1
