ensembl_id,gene_symbol,in_ag7,in_vzg2
ENSMUSG00000000120,Ngfr,True,True
ENSMUSG00000000184,Ccnd2,True,True
ENSMUSG00000000214,Th,True,True
ENSMUSG00000000247,Lhx2,True,True
ENSMUSG00000000263,Glra1,False,True
ENSMUSG00000000567,Sox9,True,True
ENSMUSG00000000690,Hoxb6,False,True
ENSMUSG00000000753,Serpinf1,False,True
ENSMUSG00000000766,Oprm1,True,True
ENSMUSG00000000805,Car4,False,True
ENSMUSG00000000861,Bcl11a,False,True
ENSMUSG00000000889,Dbh,True,True
ENSMUSG00000001119,Col6a1,False,True
ENSMUSG00000001435,Col18a1,False,True
ENSMUSG00000001496,Nkx2-1,False,True
ENSMUSG00000001504,Irx2,False,True
ENSMUSG00000001506,Col1a1,False,True
ENSMUSG00000001911,Nfix,True,True
ENSMUSG00000001985,Grik3,False,True
ENSMUSG00000001986,Gria3,False,True
ENSMUSG00000001988,Npas1,True,True
ENSMUSG00000002930,Ppp1r17,False,True
ENSMUSG00000002944,Cd36,False,True
ENSMUSG00000003032,Klf4,True,False
ENSMUSG00000003411,Rab3b,True,True
ENSMUSG00000003418,St8sia6,False,True
ENSMUSG00000003476,Crhr2,True,True
ENSMUSG00000003534,Ddr1,True,True
ENSMUSG00000003545,Fosb,False,True
ENSMUSG00000003657,Calb2,True,True
ENSMUSG00000003746,Man1a,False,True
ENSMUSG00000003974,Grm3,True,True
ENSMUSG00000004151,Etv1,True,True
ENSMUSG00000004231,Pax2,False,True
ENSMUSG00000004366,Sst,True,True
ENSMUSG00000004633,Chn2,True,True
ENSMUSG00000004655,Aqp1,False,True
ENSMUSG00000004885,Crabp2,True,False
ENSMUSG00000004892,Bcan,True,True
ENSMUSG00000005087,Cd44,False,True
ENSMUSG00000005125,Ndrg1,True,False
ENSMUSG00000005268,Prlr,True,True
ENSMUSG00000005357,Slc1a6,True,True
ENSMUSG00000005360,Slc1a3,False,True
ENSMUSG00000005533,Igf1r,True,True
ENSMUSG00000005583,Mef2c,False,True
ENSMUSG00000005672,Kit,True,True
ENSMUSG00000005705,Agrp,True,True
ENSMUSG00000005716,Pvalb,True,True
ENSMUSG00000005892,Trh,True,True
ENSMUSG00000005917,Otx1,False,True
ENSMUSG00000006369,Fbln1,False,True
ENSMUSG00000006522,Itih3,False,True
ENSMUSG00000006764,Tph2,True,True
ENSMUSG00000006800,Sulf2,True,True
ENSMUSG00000007877,Tcap,True,True
ENSMUSG00000008575,Nfib,False,True
ENSMUSG00000008658,Rbfox1,True,False
ENSMUSG00000008999,Bmp7,True,False
ENSMUSG00000009075,Cabp7,True,True
ENSMUSG00000009734,Pou6f2,False,True
ENSMUSG00000010066,Cacna2d2,False,True
ENSMUSG00000010122,Slc47a1,True,True
ENSMUSG00000010175,Prox1,True,True
ENSMUSG00000010461,Eya4,False,True
ENSMUSG00000010476,Ebf3,True,True
ENSMUSG00000010797,Wnt2,False,True
ENSMUSG00000010803,Gabra1,True,True
ENSMUSG00000011171,Vipr2,True,True
ENSMUSG00000012520,Phox2b,False,True
ENSMUSG00000013766,Ly6g6e,False,True
ENSMUSG00000014030,Pax5,True,False
ENSMUSG00000015112,Slc25a13,False,True
ENSMUSG00000015568,Lpl,False,True
ENSMUSG00000015619,Gata3,False,True
ENSMUSG00000015812,Gnrh1,True,True
ENSMUSG00000015829,Tnr,True,True
ENSMUSG00000015843,Rxrg,True,True
ENSMUSG00000016386,Mpped2,False,True
ENSMUSG00000016763,Scube1,False,True
ENSMUSG00000016918,Sulf1,True,True
ENSMUSG00000017144,Rnd3,True,False
ENSMUSG00000017344,Vtn,False,True
ENSMUSG00000017390,Aldoc,True,False
ENSMUSG00000017400,Stac2,True,True
ENSMUSG00000017493,Igfbp4,False,True
ENSMUSG00000018217,Pmp22,True,False
ENSMUSG00000018339,Gpx3,False,True
ENSMUSG00000018470,Kcnab3,True,True
ENSMUSG00000018604,Tbx3,False,True
ENSMUSG00000018634,Crhr1,True,True
ENSMUSG00000018698,Lhx1,False,True
ENSMUSG00000018819,Lsp1,True,True
ENSMUSG00000018830,Myh11,False,True
ENSMUSG00000019230,Lhx9,False,True
ENSMUSG00000019489,Cd70,True,False
ENSMUSG00000019647,Sema6a,False,True
ENSMUSG00000019768,Esr1,True,True
ENSMUSG00000019772,Vip,True,True
ENSMUSG00000019787,Trdn,False,True
ENSMUSG00000019828,Grm1,True,True
ENSMUSG00000019865,Nmbr,True,True
ENSMUSG00000019874,Fabp7,False,True
ENSMUSG00000019876,Pkib,False,True
ENSMUSG00000019880,Rspo3,False,True
ENSMUSG00000019889,Ptprk,True,True
ENSMUSG00000019890,Nts,True,True
ENSMUSG00000019913,Sim1,True,False
ENSMUSG00000019929,Dcn,True,True
ENSMUSG00000019935,Slc17a8,True,True
ENSMUSG00000019966,Kitl,False,True
ENSMUSG00000019970,Sgk1,True,False
ENSMUSG00000020000,Moxd1,True,True
ENSMUSG00000020044,Timp3,True,True
ENSMUSG00000020052,Ascl1,True,True
ENSMUSG00000020053,Igf1,False,True
ENSMUSG00000020061,Mybpc1,False,True
ENSMUSG00000020099,Unc5b,True,True
ENSMUSG00000020122,Egfr,True,True
ENSMUSG00000020123,Avpr1a,True,True
ENSMUSG00000020140,Lgr5,False,True
ENSMUSG00000020178,Adora2a,True,True
ENSMUSG00000020182,Ddc,True,True
ENSMUSG00000020218,Wif1,False,True
ENSMUSG00000020396,Nefh,True,True
ENSMUSG00000020428,Gabra6,False,True
ENSMUSG00000020467,Efemp1,True,True
ENSMUSG00000020591,Ntsr2,True,True
ENSMUSG00000020644,Id2,False,True
ENSMUSG00000020651,Slc26a4,False,True
ENSMUSG00000020660,Pomc,True,True
ENSMUSG00000020717,Pecam1,False,True
ENSMUSG00000020732,Rab37,False,True
ENSMUSG00000020734,Grin2c,True,True
ENSMUSG00000020793,Galr2,False,True
ENSMUSG00000020836,Coro6,False,True
ENSMUSG00000020838,Slc6a4,False,True
ENSMUSG00000020866,Cacna1g,True,False
ENSMUSG00000020875,Hoxb9,True,False
ENSMUSG00000020902,Ntn1,False,True
ENSMUSG00000020912,Krt12,False,True
ENSMUSG00000020914,Top2a,True,True
ENSMUSG00000020928,Higd1b,False,True
ENSMUSG00000020932,Gfap,True,True
ENSMUSG00000020953,Coch,True,True
ENSMUSG00000021032,Ngb,True,True
ENSMUSG00000021186,Fbln5,False,True
ENSMUSG00000021217,Tshz3,False,True
ENSMUSG00000021219,Rgs6,False,True
ENSMUSG00000021250,Fos,True,True
ENSMUSG00000021318,Gli3,False,True
ENSMUSG00000021337,Scgn,True,True
ENSMUSG00000021379,Id4,False,True
ENSMUSG00000021478,Drd1,True,True
ENSMUSG00000021508,Cxcl14,True,True
ENSMUSG00000021536,Adcy2,False,True
ENSMUSG00000021609,Slc6a3,True,True
ENSMUSG00000021613,Hapln1,True,True
ENSMUSG00000021614,Vcan,True,True
ENSMUSG00000021647,Cartpt,True,True
ENSMUSG00000021676,Iqgap2,True,True
ENSMUSG00000021680,Crhbp,True,True
ENSMUSG00000021685,Otp,False,True
ENSMUSG00000021708,Rasgrf2,True,True
ENSMUSG00000021721,Htr1a,False,True
ENSMUSG00000021732,Fgf10,False,True
ENSMUSG00000021743,Fezf2,True,True
ENSMUSG00000021747,4930452B06Rik,True,True
ENSMUSG00000021750,Fam107a,False,True
ENSMUSG00000021765,Fst,True,True
ENSMUSG00000021803,Cdhr1,False,True
ENSMUSG00000021835,Bmp4,True,True
ENSMUSG00000021848,Otx2,False,True
ENSMUSG00000021919,Chat,True,True
ENSMUSG00000021948,Prkcd,False,True
ENSMUSG00000021994,Wnt5a,False,True
ENSMUSG00000022033,Pbk,False,True
ENSMUSG00000022041,Chrna2,True,True
ENSMUSG00000022053,Ebf2,False,True
ENSMUSG00000022054,Nefm,True,True
ENSMUSG00000022103,Gfra2,False,True
ENSMUSG00000022114,Spry2,True,False
ENSMUSG00000022122,Ednrb,True,True
ENSMUSG00000022212,Cpne6,False,True
ENSMUSG00000022231,Sema5a,True,True
ENSMUSG00000022245,Skor1,False,True
ENSMUSG00000022306,Zfpm2,False,True
ENSMUSG00000022309,Angpt1,False,True
ENSMUSG00000022324,Matn2,False,True
ENSMUSG00000022371,Col14a1,True,False
ENSMUSG00000022372,Sla,False,True
ENSMUSG00000022382,Wnt7b,True,True
ENSMUSG00000022416,Cacna1i,True,False
ENSMUSG00000022419,Deptor,False,True
ENSMUSG00000022468,Endou,False,True
ENSMUSG00000022494,Shisa9,True,True
ENSMUSG00000022508,Bcl6,False,True
ENSMUSG00000022636,Alcam,False,True
ENSMUSG00000022658,Tagln3,True,False
ENSMUSG00000022665,Ccdc80,True,True
ENSMUSG00000022705,Drd3,True,False
ENSMUSG00000022715,Tmem114,False,True
ENSMUSG00000022860,Chodl,True,True
ENSMUSG00000022935,Grik1,True,True
ENSMUSG00000022949,Clic6,False,True
ENSMUSG00000023034,Nr4a1,True,True
ENSMUSG00000023046,Igfbp6,False,True
ENSMUSG00000023052,Npff,True,True
ENSMUSG00000023064,Sncg,True,True
ENSMUSG00000023067,Cdkn1a,True,True
ENSMUSG00000023192,Grm2,True,True
ENSMUSG00000023267,Gabrr2,True,True
ENSMUSG00000023391,Dlx2,False,True
ENSMUSG00000023484,Prph,False,True
ENSMUSG00000023885,Thbs2,True,True
ENSMUSG00000023886,Smoc2,False,True
ENSMUSG00000023927,Satb1,False,True
ENSMUSG00000023945,Slc5a7,True,True
ENSMUSG00000023959,Clic5,False,True
ENSMUSG00000023964,Calcr,True,False
ENSMUSG00000023992,Trem2,False,True
ENSMUSG00000024008,Cpne5,True,True
ENSMUSG00000024027,Glp1r,True,True
ENSMUSG00000024064,Galnt14,False,True
ENSMUSG00000024074,Crim1,True,True
ENSMUSG00000024084,Qpct,True,True
ENSMUSG00000024211,Grm8,True,True
ENSMUSG00000024256,Adcyap1,True,True
ENSMUSG00000024397,Aif1,True,False
ENSMUSG00000024401,Tnf,True,False
ENSMUSG00000024411,Aqp4,True,True
ENSMUSG00000024421,Lama3,True,True
ENSMUSG00000024517,Grp,True,True
ENSMUSG00000024526,Cidea,True,True
ENSMUSG00000024553,Galr1,True,True
ENSMUSG00000024565,Sall3,False,True
ENSMUSG00000024610,Cd74,True,True
ENSMUSG00000024620,Pdgfrb,True,True
ENSMUSG00000024621,Csf1r,True,True
ENSMUSG00000024647,Cbln2,True,True
ENSMUSG00000024713,Pcsk5,False,True
ENSMUSG00000024810,Il33,True,True
ENSMUSG00000024907,Gal,True,True
ENSMUSG00000024985,Tcf7l2,True,True
ENSMUSG00000024987,Cyp26a1,True,False
ENSMUSG00000024990,Rbp4,False,True
ENSMUSG00000025089,Gfra1,False,True
ENSMUSG00000025094,Slc18a2,True,True
ENSMUSG00000025128,Bhlhe22,False,True
ENSMUSG00000025221,Kcnip2,True,False
ENSMUSG00000025255,Zfhx4,False,True
ENSMUSG00000025370,Cdh9,True,True
ENSMUSG00000025400,Tac2,True,True
ENSMUSG00000025475,Adgra1,True,True
ENSMUSG00000025810,Nrp1,True,True
ENSMUSG00000025892,Gria4,True,True
ENSMUSG00000025905,Oprk1,True,True
ENSMUSG00000025927,Tfap2b,False,True
ENSMUSG00000025938,Slco5a1,False,True
ENSMUSG00000025946,Pth2r,False,True
ENSMUSG00000025969,Nrp2,True,True
ENSMUSG00000026141,Col19a1,False,True
ENSMUSG00000026163,Sphkap,True,True
ENSMUSG00000026185,Igfbp5,True,True
ENSMUSG00000026193,Fn1,False,True
ENSMUSG00000026235,Epha4,False,True
ENSMUSG00000026247,Ecel1,False,True
ENSMUSG00000026249,Serpine2,True,True
ENSMUSG00000026295,Spp2,True,True
ENSMUSG00000026312,Cdh7,False,True
ENSMUSG00000026315,Serpinb8,False,True
ENSMUSG00000026322,Htr4,True,True
ENSMUSG00000026344,Lypd1,True,True
ENSMUSG00000026347,Tmem163,True,True
ENSMUSG00000026395,Ptprc,False,True
ENSMUSG00000026424,Gpr37l1,False,True
ENSMUSG00000026452,Syt2,True,True
ENSMUSG00000026475,Rgs16,False,True
ENSMUSG00000026514,Cnih3,False,True
ENSMUSG00000026610,Esrrg,False,True
ENSMUSG00000026676,Ccdc3,True,True
ENSMUSG00000026678,Rgs5,False,True
ENSMUSG00000026686,Lmx1a,True,False
ENSMUSG00000026712,Mrc1,True,True
ENSMUSG00000026728,Vim,False,True
ENSMUSG00000026765,Lypd6b,False,True
ENSMUSG00000026778,Prkcq,False,True
ENSMUSG00000026787,Gad2,True,True
ENSMUSG00000026805,Barhl1,False,True
ENSMUSG00000026826,Nr4a2,True,True
ENSMUSG00000026837,Col5a1,False,True
ENSMUSG00000026841,Fibcd1,False,True
ENSMUSG00000026872,Zeb2,False,True
ENSMUSG00000026890,Lhx6,True,True
ENSMUSG00000026976,Pax8,False,True
ENSMUSG00000027004,Frzb,True,True
ENSMUSG00000027168,Pax6,False,True
ENSMUSG00000027188,Pamr1,False,True
ENSMUSG00000027210,Meis2,True,True
ENSMUSG00000027221,Chst1,True,False
ENSMUSG00000027230,Creb3l1,True,True
ENSMUSG00000027270,Lamp5,True,True
ENSMUSG00000027335,Adra1d,True,True
ENSMUSG00000027360,Hdc,True,True
ENSMUSG00000027375,Mal,False,True
ENSMUSG00000027400,Pdyn,True,True
ENSMUSG00000027435,Cd93,False,True
ENSMUSG00000027524,Edn3,False,True
ENSMUSG00000027559,Car3,False,True
ENSMUSG00000027562,Car2,False,True
ENSMUSG00000027568,Ntsr1,True,True
ENSMUSG00000027584,Oprl1,True,True
ENSMUSG00000027716,Trpc3,False,True
ENSMUSG00000027720,Il2,True,False
ENSMUSG00000027737,Slc7a11,True,True
ENSMUSG00000027748,Trpc4,True,True
ENSMUSG00000027820,Mme,False,True
ENSMUSG00000027824,Vmn2r1,True,False
ENSMUSG00000027833,Shox2,False,True
ENSMUSG00000027849,Syt6,True,True
ENSMUSG00000027859,Ngf,False,True
ENSMUSG00000027965,Olfm3,True,True
ENSMUSG00000027966,Col11a1,False,True
ENSMUSG00000027971,Ndst4,False,True
ENSMUSG00000027978,Prss12,True,True
ENSMUSG00000027985,Lef1,False,True
ENSMUSG00000027996,Sfrp2,False,True
ENSMUSG00000028004,Npy2r,True,True
ENSMUSG00000028023,Pitx2,False,True
ENSMUSG00000028072,Ntrk1,True,True
ENSMUSG00000028172,Tacr3,True,True
ENSMUSG00000028184,Adgrl2,True,True
ENSMUSG00000028197,Col24a1,False,True
ENSMUSG00000028214,Gem,True,True
ENSMUSG00000028222,Calb1,True,True
ENSMUSG00000028289,Epha7,False,True
ENSMUSG00000028339,Col15a1,True,True
ENSMUSG00000028341,Nr4a3,False,True
ENSMUSG00000028370,Pappa,False,True
ENSMUSG00000028464,Tpm2,False,True
ENSMUSG00000028487,Bnc2,False,True
ENSMUSG00000028584,Lrrc38,False,True
ENSMUSG00000028626,Col9a2,True,True
ENSMUSG00000028664,Ephb2,True,False
ENSMUSG00000028717,Tal1,False,True
ENSMUSG00000028736,Pax7,False,True
ENSMUSG00000028778,Hcrtr1,False,True
ENSMUSG00000028780,Sema3c,True,True
ENSMUSG00000028871,Rspo1,True,True
ENSMUSG00000028876,Epha10,True,True
ENSMUSG00000028883,Sema3a,False,True
ENSMUSG00000028909,Ptpru,True,True
ENSMUSG00000028971,Cort,False,True
ENSMUSG00000029026,Trp73,False,True
ENSMUSG00000029090,Adgra3,True,False
ENSMUSG00000029094,Afap1,True,False
ENSMUSG00000029101,Rgs12,True,True
ENSMUSG00000029108,Pcdh7,True,False
ENSMUSG00000029123,Stk32b,False,True
ENSMUSG00000029135,Fosl2,False,True
ENSMUSG00000029151,Slc30a3,True,True
ENSMUSG00000029154,Cwh43,False,True
ENSMUSG00000029193,Cckar,True,True
ENSMUSG00000029231,Pdgfra,True,True
ENSMUSG00000029236,Nmu,True,False
ENSMUSG00000029245,Epha5,True,True
ENSMUSG00000029304,Spp1,False,True
ENSMUSG00000029335,Bmp3,False,True
ENSMUSG00000029361,Nos1,True,True
ENSMUSG00000029563,Foxp2,True,True
ENSMUSG00000029591,Ung,False,True
ENSMUSG00000029595,Lhx5,False,True
ENSMUSG00000029648,Flt1,True,True
ENSMUSG00000029697,Fezf1,True,False
ENSMUSG00000029810,Tmem176b,False,True
ENSMUSG00000029819,Npy,True,True
ENSMUSG00000030043,Tacr1,True,True
ENSMUSG00000030047,Arhgap25,False,True
ENSMUSG00000030048,Gkn3,True,True
ENSMUSG00000030067,Foxp1,True,False
ENSMUSG00000030069,Prok2,True,True
ENSMUSG00000030088,Aldh1l1,True,True
ENSMUSG00000030092,Cntn6,False,True
ENSMUSG00000030110,Ret,True,True
ENSMUSG00000030111,A2m,False,True
ENSMUSG00000030209,Grin2b,False,True
ENSMUSG00000030222,Rerg,True,True
ENSMUSG00000030226,Lmo3,False,True
ENSMUSG00000030247,Kcnj8,True,True
ENSMUSG00000030249,Abcc9,True,True
ENSMUSG00000030270,Cpne9,False,True
ENSMUSG00000030307,Slc6a11,False,True
ENSMUSG00000030340,Scnn1a,False,True
ENSMUSG00000030413,Pglyrp1,False,True
ENSMUSG00000030495,Slc7a10,False,True
ENSMUSG00000030500,Slc17a6,True,True
ENSMUSG00000030551,Nr2f2,True,True
ENSMUSG00000030560,Ctsc,False,True
ENSMUSG00000030605,Mfge8,True,True
ENSMUSG00000030669,Calca,True,True
ENSMUSG00000030739,Myh14,True,False
ENSMUSG00000030772,Dkk3,False,True
ENSMUSG00000030792,Dkkl1,False,True
ENSMUSG00000030844,Rgs10,True,False
ENSMUSG00000030898,Cckbr,True,True
ENSMUSG00000030905,Crym,True,True
ENSMUSG00000031004,Mki67,False,True
ENSMUSG00000031075,Ano1,False,True
ENSMUSG00000031111,Igsf1,True,True
ENSMUSG00000031119,Gpc4,False,True
ENSMUSG00000031130,Brs3,True,False
ENSMUSG00000031210,Gpr165,True,False
ENSMUSG00000031212,Pgr15l,False,True
ENSMUSG00000031239,Itm2a,False,True
ENSMUSG00000031255,Sytl4,True,False
ENSMUSG00000031283,Chrdl1,False,True
ENSMUSG00000031298,Adgrg2,True,False
ENSMUSG00000031343,Gabra3,True,False
ENSMUSG00000031344,Gabrq,False,True
ENSMUSG00000031355,Arhgap6,False,True
ENSMUSG00000031364,Grpr,True,False
ENSMUSG00000031385,Plxnb3,True,True
ENSMUSG00000031390,Avpr2,True,False
ENSMUSG00000031491,Chrna6,False,True
ENSMUSG00000031492,Chrnb3,False,True
ENSMUSG00000031557,Plekha2,False,True
ENSMUSG00000031558,Slit2,False,True
ENSMUSG00000031561,Tenm3,True,False
ENSMUSG00000031616,Ednra,False,True
ENSMUSG00000031636,Pdlim3,False,True
ENSMUSG00000031654,Cbln1,True,True
ENSMUSG00000031688,Pou4f2,True,True
ENSMUSG00000031772,Cntnap4,False,True
ENSMUSG00000031825,Crispld2,True,True
ENSMUSG00000031841,Cdh13,True,True
ENSMUSG00000031870,Pgr,True,True
ENSMUSG00000031932,Gpr83,True,True
ENSMUSG00000031980,Agt,True,True
ENSMUSG00000031997,Trpc6,True,True
ENSMUSG00000032033,Barx2,True,True
ENSMUSG00000032076,Cadm1,True,True
ENSMUSG00000032085,Tagln,False,True
ENSMUSG00000032087,Dscaml1,True,True
ENSMUSG00000032232,Cgnl1,False,True
ENSMUSG00000032259,Drd2,True,True
ENSMUSG00000032269,Htr3a,False,True
ENSMUSG00000032274,Cyp19a1,True,False
ENSMUSG00000032278,Paqr5,False,True
ENSMUSG00000032281,Acsbg1,False,True
ENSMUSG00000032291,Crabp1,True,True
ENSMUSG00000032303,Chrna3,False,True
ENSMUSG00000032332,Col12a1,False,True
ENSMUSG00000032360,Hcrtr2,True,True
ENSMUSG00000032368,Zic1,False,True
ENSMUSG00000032446,Eomes,True,True
ENSMUSG00000032452,Clstn2,True,True
ENSMUSG00000032482,Cspg5,False,True
ENSMUSG00000032511,Scn5a,False,True
ENSMUSG00000032528,Vipr1,False,True
ENSMUSG00000032532,Cck,True,True
ENSMUSG00000032564,Cpne4,True,True
ENSMUSG00000032595,Cdhr4,True,False
ENSMUSG00000032625,Thsd7a,True,True
ENSMUSG00000032773,Chrm1,True,True
ENSMUSG00000032854,Ugt8a,False,True
ENSMUSG00000032911,Cspg4,True,True
ENSMUSG00000033006,Sox10,False,True
ENSMUSG00000033007,Asic4,True,True
ENSMUSG00000033063,Cntnap3,False,True
ENSMUSG00000033278,Ptprm,True,True
ENSMUSG00000033427,Upb1,True,False
ENSMUSG00000033491,Prss35,False,True
ENSMUSG00000033685,Ucp2,False,True
ENSMUSG00000033717,Adra2a,True,True
ENSMUSG00000033740,St18,False,True
ENSMUSG00000033910,Gucy1a1,False,True
ENSMUSG00000034000,Neu4,True,True
ENSMUSG00000034009,Rxfp1,True,True
ENSMUSG00000034037,Fgd5,False,True
ENSMUSG00000034098,Fstl5,False,True
ENSMUSG00000034209,Rasl10a,False,True
ENSMUSG00000034324,Tmem132c,False,True
ENSMUSG00000034486,Gbx2,False,True
ENSMUSG00000034755,Pcdh11x,True,True
ENSMUSG00000034810,Scn7a,False,True
ENSMUSG00000034858,Fam214a,True,True
ENSMUSG00000034903,Cobll1,True,True
ENSMUSG00000034981,Parm1,True,True
ENSMUSG00000034987,Hrh2,False,True
ENSMUSG00000034997,Htr2a,True,True
ENSMUSG00000035021,Baz1a,False,True
ENSMUSG00000035033,Tbr1,True,True
ENSMUSG00000035105,Egln3,True,True
ENSMUSG00000035131,Brinp3,True,True
ENSMUSG00000035168,Tanc1,False,True
ENSMUSG00000035187,Nkx6-1,True,True
ENSMUSG00000035189,Ano4,True,False
ENSMUSG00000035258,Abi3bp,False,True
ENSMUSG00000035273,Hpse,True,True
ENSMUSG00000035274,Tpbg,True,True
ENSMUSG00000035277,Arx,True,True
ENSMUSG00000035283,Adrb1,True,True
ENSMUSG00000035305,Ror1,False,True
ENSMUSG00000035357,Pdzrn3,False,True
ENSMUSG00000035431,Sstr1,False,True
ENSMUSG00000035456,Prdm8,True,True
ENSMUSG00000035513,Ntng2,True,False
ENSMUSG00000035528,Npffr2,False,True
ENSMUSG00000035551,Igfbpl1,True,True
ENSMUSG00000035580,Kcnh8,False,True
ENSMUSG00000035681,Kcnc2,False,True
ENSMUSG00000035686,Thrsp,False,True
ENSMUSG00000035773,Kiss1r,True,True
ENSMUSG00000035783,Acta2,True,True
ENSMUSG00000035805,Mlc1,False,True
ENSMUSG00000036111,Lmo1,False,True
ENSMUSG00000036131,Frmd7,False,True
ENSMUSG00000036169,Sostdc1,False,True
ENSMUSG00000036192,Rorb,True,True
ENSMUSG00000036198,Arhgap36,True,True
ENSMUSG00000036353,P2ry12,False,True
ENSMUSG00000036357,Gpr101,True,True
ENSMUSG00000036390,Gadd45a,False,True
ENSMUSG00000036422,Pcdh8,True,True
ENSMUSG00000036437,Npy1r,True,True
ENSMUSG00000036466,Megf11,False,True
ENSMUSG00000036502,Tmem255a,False,True
ENSMUSG00000036523,Greb1,True,False
ENSMUSG00000036545,Adamts2,False,True
ENSMUSG00000036634,Mag,False,True
ENSMUSG00000036834,Plch1,True,True
ENSMUSG00000036856,Wnt4,False,True
ENSMUSG00000036887,C1qa,True,True
ENSMUSG00000036905,C1qb,False,True
ENSMUSG00000036907,C1ql2,True,True
ENSMUSG00000037014,Sstr4,True,True
ENSMUSG00000037225,Fgf2,True,False
ENSMUSG00000037428,Vgf,True,True
ENSMUSG00000037610,Kcnmb2,False,True
ENSMUSG00000037624,Kcnk2,True,True
ENSMUSG00000037625,Cldn11,False,True
ENSMUSG00000037653,Kctd8,False,True
ENSMUSG00000037664,Cdkn1c,False,True
ENSMUSG00000037771,Slc32a1,True,True
ENSMUSG00000037868,Egr2,False,True
ENSMUSG00000037872,Ackr1,True,False
ENSMUSG00000037940,Inpp4b,True,True
ENSMUSG00000037984,Neurod6,False,True
ENSMUSG00000038059,Smim3,True,False
ENSMUSG00000038112,AW551984,False,True
ENSMUSG00000038128,Camk4,True,True
ENSMUSG00000038156,Spon1,True,True
ENSMUSG00000038173,Enpp6,True,True
ENSMUSG00000038255,Neurod2,False,True
ENSMUSG00000038257,Glra3,True,True
ENSMUSG00000038331,Satb2,True,True
ENSMUSG00000038370,Pcp4l1,False,True
ENSMUSG00000038530,Rgs4,True,True
ENSMUSG00000038583,Pln,True,True
ENSMUSG00000038642,Ctss,False,True
ENSMUSG00000038668,Lpar1,False,True
ENSMUSG00000038679,Trps1,False,True
ENSMUSG00000038700,Hoxb5,False,True
ENSMUSG00000038718,Pbx3,False,True
ENSMUSG00000038760,Trhr,True,True
ENSMUSG00000038805,Six3,False,True
ENSMUSG00000039037,St6galnac5,True,True
ENSMUSG00000039059,Hrh3,False,True
ENSMUSG00000039106,Htr5a,False,True
ENSMUSG00000039114,Nrn1,False,True
ENSMUSG00000039116,Adgrg6,True,True
ENSMUSG00000039137,Whrn,False,True
ENSMUSG00000039167,Adgrl4,False,True
ENSMUSG00000039179,Tekt5,False,True
ENSMUSG00000039239,Tgfb2,False,True
ENSMUSG00000039323,Igfbp2,False,True
ENSMUSG00000039358,Drd5,True,True
ENSMUSG00000039385,Cdh6,False,True
ENSMUSG00000039405,Prss23,True,True
ENSMUSG00000039474,Wfs1,True,True
ENSMUSG00000039579,Grin3a,True,False
ENSMUSG00000039706,Ldb2,False,True
ENSMUSG00000039714,Cplx3,True,True
ENSMUSG00000039728,Slc6a5,True,True
ENSMUSG00000039809,Gabbr2,False,True
ENSMUSG00000039830,Olig2,True,True
ENSMUSG00000039904,Gpr37,False,True
ENSMUSG00000039943,Plcb4,True,False
ENSMUSG00000040147,Maob,False,True
ENSMUSG00000040229,Gpr34,False,True
ENSMUSG00000040254,Sema3d,False,True
ENSMUSG00000040258,Nxph4,True,True
ENSMUSG00000040260,Daam2,True,False
ENSMUSG00000040372,Gpr63,True,False
ENSMUSG00000040373,Cacng5,True,True
ENSMUSG00000040452,Cdh12,True,True
ENSMUSG00000040495,Chrm4,True,True
ENSMUSG00000040536,Necab1,True,True
ENSMUSG00000040836,Gpr161,True,True
ENSMUSG00000040856,Dlk1,True,True
ENSMUSG00000040998,Npnt,True,True
ENSMUSG00000041046,Ramp3,True,True
ENSMUSG00000041193,Pla2g5,False,True
ENSMUSG00000041235,Chd7,True,False
ENSMUSG00000041261,Car8,False,True
ENSMUSG00000041272,Tox,True,True
ENSMUSG00000041324,Inhba,False,True
ENSMUSG00000041378,Cldn5,True,True
ENSMUSG00000041380,Htr2c,True,True
ENSMUSG00000041540,Sox5,False,True
ENSMUSG00000041911,Dlx1,True,True
ENSMUSG00000041986,Elmod1,True,False
ENSMUSG00000042045,Sln,True,True
ENSMUSG00000042258,Isl1,True,True
ENSMUSG00000042429,Adora1,True,True
ENSMUSG00000042453,Reln,True,True
ENSMUSG00000042501,Cpa6,False,True
ENSMUSG00000042514,Klhl14,False,True
ENSMUSG00000042589,Cux2,True,True
ENSMUSG00000042596,Tfap2d,False,True
ENSMUSG00000042604,Kcna4,True,False
ENSMUSG00000042607,Asb4,False,True
ENSMUSG00000042622,Maff,True,False
ENSMUSG00000042761,Mrap2,False,True
ENSMUSG00000042770,Hebp1,True,False
ENSMUSG00000042804,Gpr153,True,True
ENSMUSG00000042816,Gpr151,True,False
ENSMUSG00000042817,Flt3,True,False
ENSMUSG00000042834,Nrep,False,True
ENSMUSG00000043004,Gng2,True,False
ENSMUSG00000043067,Dpy19l1,False,True
ENSMUSG00000043441,Gpr149,True,True
ENSMUSG00000043456,Zfp536,False,True
ENSMUSG00000043556,Fbxl7,True,False
ENSMUSG00000043557,Mdga1,False,True
ENSMUSG00000043659,Npsr1,True,True
ENSMUSG00000043668,Tox3,False,True
ENSMUSG00000043850,Clrn1,False,True
ENSMUSG00000043969,Emx2,False,True
ENSMUSG00000044288,Cnr1,True,True
ENSMUSG00000044338,Aplnr,True,True
ENSMUSG00000044447,Dock5,False,True
ENSMUSG00000044681,Cnpy1,False,True
ENSMUSG00000044933,Sstr3,True,True
ENSMUSG00000044988,Ucn3,True,True
ENSMUSG00000045092,S1pr1,False,True
ENSMUSG00000045232,Rln3,True,True
ENSMUSG00000045246,Kcng4,True,True
ENSMUSG00000045382,Cxcr4,True,True
ENSMUSG00000045471,Hcrt,True,True
ENSMUSG00000045515,Pou3f3,False,True
ENSMUSG00000045532,C1ql1,False,True
ENSMUSG00000045573,Penk,True,True
ENSMUSG00000045608,Dbx2,False,True
ENSMUSG00000045613,Chrm2,True,True
ENSMUSG00000045648,Vwc2l,False,True
ENSMUSG00000045730,Adrb2,False,True
ENSMUSG00000045731,Pnoc,True,True
ENSMUSG00000045903,Npas4,True,True
ENSMUSG00000045991,Onecut2,True,True
ENSMUSG00000046027,Stard5,True,True
ENSMUSG00000046159,Chrm3,True,True
ENSMUSG00000046160,Olig1,True,True
ENSMUSG00000046178,Nxph1,True,True
ENSMUSG00000046314,Stxbp6,True,True
ENSMUSG00000046321,Hs3st2,False,True
ENSMUSG00000046352,Gjb2,False,True
ENSMUSG00000046480,Scn4b,False,True
ENSMUSG00000046523,Kctd4,True,False
ENSMUSG00000046532,Ar,True,True
ENSMUSG00000046561,Arsj,False,True
ENSMUSG00000046593,Tmem215,False,True
ENSMUSG00000046607,Hrk,False,True
ENSMUSG00000046719,Nxph3,False,True
ENSMUSG00000046814,Gchfr,True,True
ENSMUSG00000046818,Ddit4l,True,True
ENSMUSG00000046922,Gpr6,True,True
ENSMUSG00000046982,Tshz1,True,True
ENSMUSG00000047139,Cd24a,True,True
ENSMUSG00000047259,Mc4r,True,True
ENSMUSG00000047344,Lancl3,False,True
ENSMUSG00000047496,Rnf152,True,True
ENSMUSG00000047507,Baiap3,True,True
ENSMUSG00000047712,Ust,True,True
ENSMUSG00000047773,Ankfn1,True,True
ENSMUSG00000047797,Gjb1,False,True
ENSMUSG00000047904,Sstr2,True,True
ENSMUSG00000047907,Tshz2,True,True
ENSMUSG00000048163,Selplg,False,True
ENSMUSG00000048218,Amigo2,True,True
ENSMUSG00000048251,Bcl11b,True,True
ENSMUSG00000048349,Pou4f1,True,True
ENSMUSG00000048387,Osr1,True,True
ENSMUSG00000048482,Bdnf,True,True
ENSMUSG00000048540,Nhlh2,False,True
ENSMUSG00000048562,Sp8,True,True
ENSMUSG00000048583,Igf2,True,True
ENSMUSG00000048616,Nog,False,True
ENSMUSG00000048699,Krt90,True,False
ENSMUSG00000048763,Hoxb3,False,True
ENSMUSG00000048776,Pthlh,True,True
ENSMUSG00000048915,Efna5,False,True
ENSMUSG00000048939,Atp13a5,True,False
ENSMUSG00000048988,Elfn1,True,True
ENSMUSG00000049001,Ndnf,True,True
ENSMUSG00000049103,Ccr2,True,False
ENSMUSG00000049107,Ntf3,False,True
ENSMUSG00000049112,Oxtr,True,True
ENSMUSG00000049148,Plcxd3,True,True
ENSMUSG00000049511,Htr1b,True,True
ENSMUSG00000049583,Grm5,False,True
ENSMUSG00000049630,C1ql3,True,True
ENSMUSG00000049791,Fzd4,True,False
ENSMUSG00000049796,Crh,True,True
ENSMUSG00000049892,Rasd1,False,True
ENSMUSG00000049928,Glp2r,False,True
ENSMUSG00000050010,Shisa3,True,False
ENSMUSG00000050063,Klk6,True,True
ENSMUSG00000050121,Opalin,True,True
ENSMUSG00000050315,Synpo2,False,True
ENSMUSG00000050447,Lypd6,False,True
ENSMUSG00000050473,Slc35d3,False,True
ENSMUSG00000050505,Pcdh20,False,True
ENSMUSG00000050511,Oprd1,True,True
ENSMUSG00000050534,Htr5b,True,True
ENSMUSG00000050541,Adra1b,True,True
ENSMUSG00000050558,Prokr2,True,True
ENSMUSG00000050663,Trhde,False,True
ENSMUSG00000050783,Htr1f,True,True
ENSMUSG00000050830,Vwc2,True,True
ENSMUSG00000050840,Cdh20,True,True
ENSMUSG00000050953,Gja1,False,True
ENSMUSG00000051029,Serpinb1b,True,True
ENSMUSG00000051111,Sv2c,False,True
ENSMUSG00000051159,Cited1,False,True
ENSMUSG00000051504,Siglech,False,True
ENSMUSG00000051747,Ttn,True,True
ENSMUSG00000051910,Sox6,True,True
ENSMUSG00000051920,Rspo2,False,True
ENSMUSG00000051985,Igfn1,False,True
ENSMUSG00000052133,Sema5b,False,True
ENSMUSG00000052229,Gpr17,True,True
ENSMUSG00000052336,Cx3cr1,True,True
ENSMUSG00000052353,Cemip,True,True
ENSMUSG00000052504,Epha3,True,True
ENSMUSG00000052560,Cpne8,False,True
ENSMUSG00000052609,Plekhg3,True,False
ENSMUSG00000052613,Pcdh15,True,True
ENSMUSG00000052837,Junb,True,True
ENSMUSG00000053004,Hrh1,False,True
ENSMUSG00000053007,Creb5,True,True
ENSMUSG00000053129,Gsx1,False,True
ENSMUSG00000053141,Ptprt,True,True
ENSMUSG00000053279,Aldh1a1,True,True
ENSMUSG00000053310,Nrgn,False,True
ENSMUSG00000053368,Rxfp2,True,True
ENSMUSG00000053519,Kcnip1,False,True
ENSMUSG00000053747,Sox14,False,True
ENSMUSG00000053819,Camk2d,True,True
ENSMUSG00000053930,Shisa6,False,True
ENSMUSG00000054252,Fgfr3,True,True
ENSMUSG00000054453,Sytl5,False,True
ENSMUSG00000054667,Irs4,True,True
ENSMUSG00000054675,Tmem119,False,True
ENSMUSG00000054690,Emcn,False,True
ENSMUSG00000055044,Pdlim1,False,True
ENSMUSG00000055078,Gabra5,True,True
ENSMUSG00000055214,Pld5,True,True
ENSMUSG00000055254,Ntrk2,False,True
ENSMUSG00000055333,Fat2,False,True
ENSMUSG00000055409,Nell1,False,True
ENSMUSG00000055421,Pcdh9,True,False
ENSMUSG00000055471,Alk,True,True
ENSMUSG00000055540,Epha6,True,True
ENSMUSG00000055653,Gpc3,False,True
ENSMUSG00000055761,Nkain3,True,False
ENSMUSG00000055775,Myh8,True,False
ENSMUSG00000055866,Per2,False,True
ENSMUSG00000056296,Synpr,True,True
ENSMUSG00000056306,Sertm1,True,True
ENSMUSG00000056380,Gpr50,False,True
ENSMUSG00000056492,Adgrf5,True,True
ENSMUSG00000056648,Hoxb8,True,True
ENSMUSG00000056755,Grm7,False,True
ENSMUSG00000056966,Gjc3,False,True
ENSMUSG00000057098,Ebf1,True,True
ENSMUSG00000057604,Lmcd1,False,True
ENSMUSG00000057777,Mab21l2,False,True
ENSMUSG00000058248,Kcnh1,True,False
ENSMUSG00000058400,Qrfpr,True,True
ENSMUSG00000058420,Syt17,False,True
ENSMUSG00000058488,Kl,False,True
ENSMUSG00000058624,Gda,True,True
ENSMUSG00000058665,En1,True,True
ENSMUSG00000058897,Col25a1,True,True
ENSMUSG00000059003,Grin2a,True,True
ENSMUSG00000059146,Ntrk3,False,True
ENSMUSG00000059173,Pde1a,True,True
ENSMUSG00000059203,Il1rapl2,True,True
ENSMUSG00000059325,Hopx,True,True
ENSMUSG00000059456,Ptk2b,True,True
ENSMUSG00000059588,Calcrl,False,True
ENSMUSG00000059857,Ntng1,True,True
ENSMUSG00000059974,Ntm,True,True
ENSMUSG00000059991,Nptx2,False,True
ENSMUSG00000060371,Caln1,False,True
ENSMUSG00000060429,Sntb1,False,True
ENSMUSG00000060735,Rxfp3,True,True
ENSMUSG00000060962,Dmkn,False,True
ENSMUSG00000061086,Myl4,False,True
ENSMUSG00000061132,Blnk,True,True
ENSMUSG00000061353,Cxcl12,True,True
ENSMUSG00000061535,C1qtnf7,False,True
ENSMUSG00000061718,Ppp1r1b,False,True
ENSMUSG00000061762,Tac1,True,True
ENSMUSG00000061878,Sphk1,True,False
ENSMUSG00000062151,Unc13c,False,True
ENSMUSG00000062209,Erbb4,True,True
ENSMUSG00000062257,Opcml,True,False
ENSMUSG00000062309,Rpp25,False,True
ENSMUSG00000062372,Otof,True,True
ENSMUSG00000062393,Dgkk,True,True
ENSMUSG00000062785,Kcnc3,True,True
ENSMUSG00000062866,Phactr2,True,True
ENSMUSG00000062960,Kdr,False,True
ENSMUSG00000063260,Syt10,True,True
ENSMUSG00000063297,Luzp2,True,True
ENSMUSG00000063415,Cyp26b1,False,True
ENSMUSG00000063434,Sorcs3,False,True
ENSMUSG00000063531,Sema3e,False,True
ENSMUSG00000063564,Col23a1,True,True
ENSMUSG00000063594,Gng8,False,True
ENSMUSG00000063626,Unc5d,True,True
ENSMUSG00000063632,Sox11,False,True
ENSMUSG00000064080,Fbln2,False,True
ENSMUSG00000064179,Tnnt1,False,True
ENSMUSG00000064325,Hhip,True,True
ENSMUSG00000066113,Adamtsl1,False,True
ENSMUSG00000066197,Gpr139,False,True
ENSMUSG00000066705,Fxyd6,True,True
ENSMUSG00000067028,Cntnap5b,True,True
ENSMUSG00000067578,Cbln4,True,True
ENSMUSG00000067586,S1pr3,True,True
ENSMUSG00000067786,Nnat,True,True
ENSMUSG00000068037,Mas1,True,True
ENSMUSG00000068122,Agtr2,False,True
ENSMUSG00000068196,Col8a1,False,True
ENSMUSG00000068696,Gpr88,True,True
ENSMUSG00000068735,Trp53i11,True,True
ENSMUSG00000068748,Ptprz1,False,True
ENSMUSG00000068859,Sp9,True,True
ENSMUSG00000069132,Nxph2,False,True
ENSMUSG00000069372,Ctxn3,True,True
ENSMUSG00000070306,Ccdc153,True,True
ENSMUSG00000070366,Plpp4,False,True
ENSMUSG00000070570,Slc17a7,True,True
ENSMUSG00000070644,Etnk2,True,False
ENSMUSG00000070687,Htr1d,False,True
ENSMUSG00000070880,Gad1,True,True
ENSMUSG00000071234,Syndig1l,False,True
ENSMUSG00000071379,Hpcal1,True,True
ENSMUSG00000073421,H2-Ab1,False,True
ENSMUSG00000073530,Pappa2,False,True
ENSMUSG00000073565,Prr16,True,True
ENSMUSG00000074274,D930028M14Rik,False,True
ENSMUSG00000074575,Kcng1,True,True
ENSMUSG00000074622,Mafb,False,True
ENSMUSG00000074736,Syndig1,True,True
ENSMUSG00000074934,Grem1,False,True
ENSMUSG00000074939,Chrm5,True,True
ENSMUSG00000074968,Ano3,True,True
ENSMUSG00000075224,Lrrc55,False,True
ENSMUSG00000075270,Pde11a,True,True
ENSMUSG00000075296,Aldh3b2,False,True
ENSMUSG00000075324,Fign,False,True
ENSMUSG00000075334,Rprm,True,True
ENSMUSG00000075394,Hoxc4,True,True
ENSMUSG00000075602,Ly6a,False,True
ENSMUSG00000076439,Mog,True,True
ENSMUSG00000078591,Hs3st4,False,True
ENSMUSG00000078958,Atp6ap1l,False,True
ENSMUSG00000085129,5031425F14Rik,True,False
ENSMUSG00000087141,Plcxd2,False,True
ENSMUSG00000090061,Nwd2,False,True
ENSMUSG00000090063,Dlx6os1,False,True
ENSMUSG00000090125,Pou3f1,True,True
ENSMUSG00000090698,Apold1,False,True
ENSMUSG00000091002,Tcerg1l,True,True
ENSMUSG00000091243,Vgll3,False,True
ENSMUSG00000091735,Gpr62,True,False
ENSMUSG00000091898,Tnnc1,False,True
ENSMUSG00000092035,Peg10,True,True
ENSMUSG00000095139,Pou3f2,True,True
ENSMUSG00000096225,Lhx8,False,True
ENSMUSG00000097182,A830009L08Rik,False,True
ENSMUSG00000097929,Tunar,True,True
ENSMUSG00000098557,Kctd12,False,True
ENSMUSG00000112117,Rmst,False,True
ENSMUSG00000118401,Gpr52,True,False
